from,timeinfo_id
1,0
2,1
3,1
4,1
5,1
6,1
7,2
8,2
9,2
10,2
11,2
12,2
13,2
14,1
15,1
16,1
17,1
18,1
19,1
20,1
21,2
22,2
23,4
24,4
25,4
26,4
27,4
28,4
29,4
30,4
31,4
32,4
33,4
34,4
35,2
36,2
37,2
38,4
39,4
40,4
41,4
42,4
43,4
44,4
45,4
46,4
47,4
48,4
49,4
50,2
51,2
52,2
53,2
54,2
55,0
56,1
57,1
58,0
59,1
60,1
61,1
62,1
63,0
64,0
65,0
66,0
67,0
68,0
69,1
70,1
71,1
72,0
73,0
74,1
75,1
76,1
77,1
78,1
79,1
80,1
81,2
82,2
83,2
84,1
85,1
86,1
87,1
88,1
89,1
90,1
91,1
92,1
93,1
94,1
95,1
96,1
97,0
98,0
99,2
100,4
101,4
102,4
103,4
104,4
105,4
106,4
107,4
108,4
109,2
110,2
111,2
112,2
113,2
114,2
115,2
116,2
117,2
118,2
119,2
120,2
121,4
122,4
123,4
124,4
125,4
126,4
127,4
128,4
129,4
130,2
131,0
132,0
133,0
134,0
135,0
136,0
137,1
138,1
139,1
140,1
141,1
142,1
143,0
144,0
145,1
146,1
147,1
148,1
149,1
150,1
151,1
152,1
153,1
154,1
155,1
156,1
157,1
158,1
159,1
160,0
161,0
162,0
163,1
164,0
165,0
166,0
167,1
168,1
169,1
170,1
171,1
172,1
173,1
174,1
175,1
176,1
177,1
178,1
179,2
180,2
181,2
182,2
183,2
184,2
185,2
186,2
187,1
188,1
189,1
190,0
191,0
192,2
193,2
194,2
195,4
196,4
197,4
198,4
199,4
200,2
201,2
202,2
203,4
204,4
205,4
206,4
207,4
208,4
209,4
210,4
211,4
212,4
213,4
214,4
215,4
216,4
217,4
218,0
219,0
220,1
221,1
222,1
223,1
224,1
225,1
226,1
227,1
228,1
229,1
230,1
231,1
232,1
233,0
234,0
235,0
236,0
237,0
238,1
239,1
240,0
241,0
242,0
243,1
244,1
245,1
246,1
247,1
248,0
249,0
250,0
251,0
252,0
253,1
254,1
255,1
256,1
257,1
258,1
259,2
260,2
261,2
262,2
263,2
264,2
265,2
266,2
267,2
268,1
269,1
270,1
271,1
272,1
273,1
274,1
275,1
276,2
277,2
278,4
279,4
280,4
281,4
282,4
283,4
284,2
285,2
286,2
287,2
288,2
289,2
290,2
291,2
292,4
293,4
294,4
295,4
296,4
297,4
298,2
299,2
300,2
301,0
302,0
303,0
304,1
305,1
306,1
307,1
308,1
309,1
310,0
311,0
312,1
313,1
314,1
315,1
316,1
317,1
318,1
319,1
320,0
321,0
322,0
323,0
324,0
325,0
326,0
327,1
328,1
329,1
330,1
331,1
332,1
333,1
334,1
335,1
336,1
337,2
338,2
339,2
340,2
341,2
342,2
343,2
344,1
345,1
346,1
347,1
348,1
349,1
350,1
351,1
352,0
353,2
354,2
355,2
356,4
357,4
358,4
359,4
360,4
361,2
362,2
363,2
364,2
365,2
366,2
367,2
368,2
369,2
370,4
371,4
372,4
373,4
374,4
375,4
376,4
377,1
378,1
379,1
380,1
381,1
382,1
383,0
384,0
385,0
386,1
387,1
388,1
389,0
390,0
391,0
392,0
393,1
394,1
395,1
396,0
397,0
398,0
399,1
400,1
401,1
402,1
403,1
404,1
405,1
406,1
407,1
408,1
409,1
410,2
411,1
412,1
413,1
414,1
415,1
416,1
417,1
418,1
419,0
420,0
421,0
422,0
423,0
424,0
425,2
426,2
427,4
428,4
429,4
430,4
431,4
432,4
433,4
434,4
435,2
436,2
437,2
438,4
439,4
440,4
441,4
442,4
443,4
444,4
445,4
446,4
447,4
448,4
449,4
450,4
451,4
452,2
453,0
454,0
455,1
456,1
457,1
458,1
459,1
460,1
461,1
462,1
463,1
464,1
465,0
466,1
467,1
468,1
469,1
470,1
471,1
472,1
473,1
474,1
475,1
476,1
477,0
478,0
479,0
480,0
481,0
482,0
483,0
484,1
485,1
486,1
487,1
488,1
489,1
490,1
491,1
492,1
493,1
494,0
495,0
496,1
497,1
498,1
499,1
500,1
501,1
502,1
503,1
504,2
505,2
506,2
507,2
508,2
509,1
510,1
511,1
512,1
513,1
514,1
515,1
516,1
517,1
518,1
519,1
520,1
521,1
522,0
523,0
524,2
525,4
526,2
527,2
528,2
529,2
530,4
531,4
532,4
533,4
534,4
535,4
536,4
537,4
538,4
539,4
540,4
541,4
542,4
543,2
544,2
545,2
546,1
547,1
548,0
549,0
550,0
551,1
552,1
553,1
554,1
555,1
556,1
557,1
558,1
559,1
560,1
561,0
562,0
563,0
564,1
565,1
566,1
567,1
568,1
569,1
570,1
571,0
572,0
573,0
574,1
575,1
576,1
577,1
578,2
579,2
580,2
581,2
582,2
583,2
584,1
585,1
586,0
587,4
588,4
589,4
590,2
591,4
592,4
593,4
594,4
595,4
596,2
597,2
598,2
599,2
600,2
601,0
602,0
603,0
604,1
605,1
606,1
607,1
608,0
609,0
610,0
611,0
612,1
613,1
614,1
615,1
616,1
617,1
618,1
619,1
620,1
621,1
622,0
623,0
624,0
625,0
626,0
627,0
628,0
629,0
630,0
631,1
632,1
633,1
634,1
635,1
636,1
637,1
638,1
639,1
640,0
641,0
642,0
643,0
644,0
645,0
646,0
647,1
648,1
649,1
650,1
651,1
652,1
653,2
654,2
655,2
656,2
657,2
658,2
659,2
660,1
661,1
662,1
663,1
664,1
665,1
666,1
667,1
668,1
669,1
670,0
671,0
672,2
673,2
674,4
675,4
676,4
677,4
678,4
679,4
680,2
681,2
682,2
683,2
684,2
685,2
686,2
687,4
688,4
689,4
690,4
691,4
692,4
693,4
694,4
695,4
696,2
697,2
698,2
699,0
700,0
701,1
702,1
703,1
704,1
705,1
706,1
707,1
708,1
709,1
710,1
711,1
712,1
713,1
714,1
715,1
716,1
717,0
718,0
719,1
720,1
721,1
722,1
723,1
724,1
725,1
726,1
727,0
728,0
729,0
730,0
731,1
732,1
733,1
734,1
735,1
736,0
737,0
738,0
739,0
740,0
741,0
742,0
743,1
744,1
745,1
746,1
747,1
748,1
749,1
750,1
751,1
752,1
753,2
754,2
755,2
756,2
757,2
758,2
759,2
760,2
761,2
762,1
763,1
764,1
765,0
766,0
767,2
768,4
769,4
770,4
771,4
772,4
773,2
774,2
775,2
776,2
777,2
778,4
779,4
780,4
781,4
782,4
783,4
784,4
785,2
786,2
787,2
788,2
789,0
790,0
791,0
792,0
793,1
794,1
795,1
796,1
797,1
798,1
799,1
800,1
801,1
802,1
803,1
804,0
805,0
806,0
807,0
808,0
809,1
810,1
811,1
812,1
813,1
814,0
815,0
816,0
817,1
818,1
819,1
820,0
821,0
822,1
823,1
824,1
825,1
826,1
827,1
828,1
829,1
830,1
831,1
832,1
833,1
834,1
835,1
836,2
837,2
838,2
839,2
840,2
841,1
842,1
843,1
844,1
845,1
846,1
847,1
848,1
849,0
850,0
851,0
852,2
853,2
854,2
855,2
856,2
857,2
858,4
859,4
860,4
861,4
862,4
863,4
864,4
865,2
866,2
867,2
868,2
869,2
870,2
871,4
872,4
873,4
874,4
875,4
876,4
877,4
878,4
879,2
880,2
881,2
882,1
883,1
884,1
885,1
886,1
887,1
888,1
889,0
890,0
891,1
892,1
893,1
894,1
895,1
896,1
897,0
898,0
899,1
900,1
901,1
902,1
903,1
904,1
905,1
906,0
907,0
908,1
909,1
910,1
911,1
912,1
913,1
914,1
915,1
916,2
917,2
918,2
919,2
920,1
921,1
922,1
923,1
924,1
925,1
926,0
927,0
928,0
929,0
930,2
931,4
932,4
933,4
934,2
935,2
936,2
937,2
938,4
939,4
940,4
941,4
942,4
943,4
944,2
945,2
946,0
947,0
948,0
949,1
950,1
951,1
952,1
953,1
954,1
955,1
956,1
957,1
958,1
959,0
960,0
961,1
962,1
963,1
964,1
965,0
966,0
967,0
968,1
969,1
970,1
971,1
972,1
973,1
974,1
975,1
976,1
977,0
978,0
979,0
980,0
981,0
982,0
983,0
984,0
985,1
986,1
987,1
988,1
989,1
990,1
991,1
992,1
993,1
994,1
995,1
996,1
997,1
998,2
999,2
1000,1
1001,1
1002,1
1003,1
1004,1
1005,1
1006,1
1007,1
1008,0
1009,0
1010,0
1011,2
1012,2
1013,4
1014,4
1015,4
1016,4
1017,4
1018,4
1019,4
1020,4
1021,4
1022,4
1023,4
1024,2
1025,2
1026,2
1027,2
1028,2
1029,2
1030,2
1031,2
1032,2
1033,4
1034,4
1035,4
1036,4
1037,4
1038,4
1039,4
1040,4
1041,4
1042,2
1043,2
1044,2
1045,2
1046,0
1047,1
1048,1
1049,1
1050,1
1051,1
1052,1
1053,1
1054,1
1055,1
1056,1
1057,1
1058,0
1059,0
1060,1
1061,1
1062,1
1063,1
1064,1
1065,1
1066,0
1067,0
1068,0
1069,1
1070,1
1071,1
1072,1
1073,1
1074,1
1075,1
1076,1
1077,0
1078,0
1079,0
1080,0
1081,1
1082,1
1083,1
1084,1
1085,1
1086,2
1087,2
1088,1
1089,1
1090,1
1091,1
1092,1
1093,1
1094,1
1095,1
1096,1
1097,1
1098,0
1099,2
1100,2
1101,2
1102,4
1103,4
1104,4
1105,4
1106,4
1107,4
1108,2
1109,2
1110,4
1111,4
1112,4
1113,4
1114,2
1115,2
1116,1
1117,1
1118,1
1119,1
1120,1
1121,0
1122,0
1123,0
1124,0
1125,0
1126,0
1127,1
1128,1
1129,1
1130,0
1131,1
1132,1
1133,1
1134,1
1135,1
1136,1
1137,1
1138,1
1139,1
1140,1
1141,1
1142,0
1143,1
1144,1
1145,1
1146,1
1147,1
1148,2
1149,2
1150,2
1151,2
1152,1
1153,1
1154,1
1155,1
1156,1
1157,1
1158,0
1159,0
1160,0
1161,0
1162,0
1163,2
1164,2
1165,2
1166,2
1167,2
1168,4
1169,4
1170,4
1171,2
1172,2
1173,2
1174,2
1175,2
1176,4
1177,4
1178,4
1179,4
1180,4
1181,4
1182,4
1183,4
1184,0
1185,1
1186,1
1187,1
1188,1
1189,1
1190,1
1191,0
1192,0
1193,0
1194,0
1195,0
1196,0
1197,0
1198,1
1199,1
1200,1
1201,1
1202,1
1203,1
1204,1
1205,1
1206,1
1207,1
1208,1
1209,1
1210,0
1211,0
1212,1
1213,1
1214,1
1215,1
1216,1
1217,0
1218,0
1219,0
1220,0
1221,0
1222,1
1223,1
1224,1
1225,1
1226,1
1227,1
1228,1
1229,1
1230,1
1231,1
1232,1
1233,1
1234,1
1235,1
1236,2
1237,2
1238,2
1239,2
1240,2
1241,2
1242,2
1243,1
1244,1
1245,1
1246,1
1247,1
1248,1
1249,1
1250,1
1251,1
1252,0
1253,0
1254,0
1255,2
1256,2
1257,2
1258,2
1259,2
1260,2
1261,4
1262,4
1263,4
1264,4
1265,4
1266,4
1267,4
1268,4
1269,4
1270,4
1271,4
1272,4
1273,4
1274,4
1275,4
1276,2
1277,2
1278,2
1279,2
1280,2
1281,2
1282,2
1283,2
1284,4
1285,4
1286,4
1287,4
1288,4
1289,2
1290,2
1291,2
1292,2
1293,2
1294,2
1295,0
1296,0
1297,1
1298,1
1299,1
1300,1
1301,0
1302,0
1303,0
1304,0
1305,1
1306,1
1307,1
1308,1
1309,1
1310,0
1311,0
1312,0
1313,0
1314,0
1315,1
1316,1
1317,1
1318,1
1319,1
1320,1
1321,0
1322,0
1323,0
1324,1
1325,1
1326,1
1327,1
1328,1
1329,1
1330,1
1331,1
1332,2
1333,2
1334,2
1335,2
1336,2
1337,2
1338,2
1339,2
1340,2
1341,2
1342,1
1343,1
1344,1
1345,1
1346,1
1347,1
1348,0
1349,2
1350,2
1351,2
1352,2
1353,4
1354,4
1355,4
1356,4
1357,4
1358,2
1359,2
1360,2
1361,2
1362,2
1363,2
1364,4
1365,4
1366,4
1367,4
1368,2
1369,2
1370,2
1371,2
1372,2
1373,0
1374,0
1375,0
1376,0
1377,1
1378,1
1379,1
1380,1
1381,1
1382,1
1383,0
1384,0
1385,0
1386,0
1387,0
1388,0
1389,0
1390,0
1391,1
1392,1
1393,1
1394,0
1395,0
1396,0
1397,0
1398,0
1399,0
1400,0
1401,0
1402,1
1403,1
1404,1
1405,1
1406,1
1407,1
1408,0
1409,0
1410,0
1411,0
1412,0
1413,0
1414,0
1415,1
1416,1
1417,1
1418,1
1419,1
1420,1
1421,1
1422,1
1423,1
1424,2
1425,2
1426,2
1427,2
1428,1
1429,1
1430,1
1431,1
1432,1
1433,1
1434,1
1435,1
1436,1
1437,1
1438,1
1439,1
1440,0
1441,0
1442,0
1443,2
1444,2
1445,4
1446,4
1447,4
1448,4
1449,4
1450,4
1451,4
1452,4
1453,4
1454,2
1455,2
1456,2
1457,2
1458,2
1459,2
1460,4
1461,4
1462,4
1463,4
1464,4
1465,4
1466,4
1467,4
1468,4
1469,2
1470,2
1471,2
1472,2
1473,2
1474,0
1475,0
1476,1
1477,0
1478,0
1479,1
1480,1
1481,1
1482,1
1483,1
1484,1
1485,1
1486,1
1487,1
1488,0
1489,0
1490,0
1491,0
1492,0
1493,1
1494,1
1495,1
1496,1
1497,1
1498,1
1499,1
1500,1
1501,1
1502,1
1503,1
1504,1
1505,1
1506,0
1507,0
1508,0
1509,0
1510,0
1511,1
1512,1
1513,1
1514,1
1515,1
1516,1
1517,1
1518,1
1519,2
1520,2
1521,2
1522,1
1523,1
1524,0
1525,0
1526,2
1527,4
1528,4
1529,4
1530,4
1531,4
1532,4
1533,4
1534,4
1535,4
1536,4
1537,2
1538,2
1539,2
1540,2
1541,4
1542,4
1543,4
1544,4
1545,4
1546,4
1547,2
1548,2
1549,2
1550,2
1551,2
1552,2
1553,2
1554,2
1555,2
1556,2
1557,2
1558,2
1559,2
1560,1
1561,1
1562,1
1563,1
1564,1
1565,1
1566,0
1567,0
1568,0
1569,0
1570,1
1571,1
1572,1
1573,0
1574,0
1575,0
1576,1
1577,1
1578,1
1579,1
1580,1
1581,0
1582,0
1583,0
1584,1
1585,1
1586,1
1587,1
1588,1
1589,1
1590,1
1591,1
1592,1
1593,1
1594,2
1595,2
1596,1
1597,1
1598,1
1599,1
1600,0
1601,0
1602,2
1603,4
1604,4
1605,4
1606,4
1607,2
1608,2
1609,2
1610,2
1611,2
1612,4
1613,4
1614,4
1615,4
1616,4
1617,2
1618,2
1619,0
1620,1
1621,1
1622,1
1623,1
1624,1
1625,1
1626,0
1627,0
1628,0
1629,0
1630,0
1631,0
1632,0
1633,0
1634,1
1635,1
1636,1
1637,1
1638,1
1639,1
1640,0
1641,0
1642,1
1643,1
1644,1
1645,1
1646,0
1647,0
1648,0
1649,0
1650,0
1651,1
1652,1
1653,1
1654,1
1655,1
1656,1
1657,1
1658,1
1659,1
1660,2
1661,2
1662,2
1663,1
1664,1
1665,1
1666,1
1667,0
1668,0
1669,2
1670,2
1671,2
1672,2
1673,4
1674,4
1675,4
1676,4
1677,4
1678,2
1679,2
1680,2
1681,2
1682,2
1683,4
1684,4
1685,4
1686,2
1687,2
1688,2
1689,2
1690,2
1691,2
1692,2
1693,0
1694,1
1695,1
1696,1
1697,1
1698,1
1699,1
1700,1
1701,1
1702,1
1703,1
1704,1
1705,1
1706,1
1707,0
1708,0
1709,0
1710,0
1711,0
1712,1
1713,1
1714,0
1715,0
1716,0
1717,0
1718,0
1719,0
1720,1
1721,1
1722,1
1723,1
1724,0
1725,0
1726,0
1727,0
1728,0
1729,0
1730,1
1731,1
1732,1
1733,1
1734,1
1735,1
1736,1
1737,1
1738,1
1739,1
1740,2
1741,2
1742,1
1743,1
1744,1
1745,1
1746,1
1747,1
1748,1
1749,1
1750,1
1751,1
1752,0
1753,0
1754,2
1755,2
1756,2
1757,2
1758,4
1759,4
1760,4
1761,4
1762,4
1763,4
1764,4
1765,4
1766,4
1767,2
1768,2
1769,2
1770,2
1771,2
1772,2
1773,2
1774,4
1775,4
1776,4
1777,2
1778,1
1779,1
1780,1
1781,1
1782,1
1783,1
1784,1
1785,1
1786,1
1787,1
1788,0
1789,0
1790,0
1791,0
1792,1
1793,1
1794,1
1795,1
1796,1
1797,1
1798,1
1799,1
1800,1
1801,0
1802,1
1803,1
1804,1
1805,1
1806,1
1807,1
1808,1
1809,1
1810,1
1811,1
1812,1
1813,1
1814,0
1815,0
1816,0
1817,1
1818,1
1819,1
1820,1
1821,2
1822,2
1823,2
1824,2
1825,1
1826,1
1827,1
1828,1
1829,1
1830,1
1831,0
1832,0
1833,0
1834,4
1835,4
1836,4
1837,4
1838,4
1839,4
1840,4
1841,4
1842,2
1843,2
1844,2
1845,4
1846,4
1847,4
1848,4
1849,4
1850,4
1851,4
1852,4
1853,4
1854,2
1855,2
1856,2
1857,0
1858,0
1859,0
1860,1
1861,1
1862,1
1863,1
1864,1
1865,1
1866,1
1867,1
1868,0
1869,0
1870,0
1871,0
1872,0
1873,1
1874,1
1875,1
1876,1
1877,1
1878,0
1879,0
1880,1
1881,1
1882,1
1883,1
1884,0
1885,0
1886,0
1887,0
1888,0
1889,0
1890,0
1891,1
1892,1
1893,1
1894,1
1895,1
1896,1
1897,1
1898,1
1899,1
1900,1
1901,1
1902,2
1903,2
1904,2
1905,2
1906,2
1907,2
1908,2
1909,1
1910,1
1911,1
1912,1
1913,1
1914,1
1915,1
1916,1
1917,1
1918,0
1919,4
1920,4
1921,4
1922,4
1923,4
1924,4
1925,4
1926,2
1927,2
1928,2
1929,2
1930,4
1931,4
1932,4
1933,4
1934,4
1935,4
1936,4
1937,4
1938,2
1939,0
1940,1
1941,1
1942,0
1943,0
1944,1
1945,1
1946,1
1947,1
1948,1
1949,1
1950,1
1951,1
1952,1
1953,1
1954,1
1955,1
1956,1
1957,1
1958,1
1959,1
1960,1
1961,1
1962,1
1963,1
1964,1
1965,1
1966,1
1967,1
1968,1
1969,1
1970,1
1971,1
1972,1
1973,1
1974,0
1975,0
1976,0
1977,1
1978,1
1979,1
1980,1
1981,1
1982,1
1983,1
1984,1
1985,1
1986,2
1987,2
1988,2
1989,2
1990,2
1991,2
1992,2
1993,4
1994,4
1995,4
1996,4
1997,4
1998,4
1999,4
2000,4
2001,4
2002,4
2003,2
2004,2
2005,2
2006,2
2007,2
2008,4
2009,4
2010,4
2011,2
2012,1
2013,1
2014,1
2015,1
2016,1
2017,1
2018,1
2019,1
2020,1
2021,0
2022,0
2023,0
2024,1
2025,0
2026,0
2027,0
2028,0
2029,0
2030,1
2031,1
2032,1
2033,1
2034,1
2035,1
2036,1
2037,0
2038,0
2039,0
2040,0
2041,0
2042,0
2043,1
2044,1
2045,1
2046,1
2047,1
2048,2
2049,2
2050,2
2051,2
2052,1
2053,1
2054,1
2055,1
2056,1
2057,1
2058,1
2059,1
2060,2
2061,2
2062,2
2063,2
2064,2
2065,4
2066,4
2067,4
2068,4
2069,4
2070,4
2071,4
2072,4
2073,4
2074,2
2075,2
2076,2
2077,2
2078,4
2079,4
2080,4
2081,4
2082,4
2083,4
2084,4
2085,4
2086,4
2087,4
2088,2
2089,2
2090,0
2091,1
2092,1
2093,1
2094,1
2095,1
2096,1
2097,1
2098,1
2099,1
2100,1
2101,0
2102,0
2103,0
2104,0
2105,0
2106,0
2107,0
2108,1
2109,1
2110,1
2111,1
2112,1
2113,1
2114,0
2115,0
2116,0
2117,0
2118,1
2119,1
2120,1
2121,0
2122,0
2123,0
2124,0
2125,0
2126,0
2127,1
2128,2
2129,2
2130,2
2131,2
2132,2
2133,2
2134,2
2135,1
2136,0
2137,0
2138,0
2139,0
2140,2
2141,2
2142,4
2143,4
2144,4
2145,4
2146,4
2147,4
2148,2
2149,2
2150,2
2151,2
2152,2
2153,2
2154,2
2155,2
2156,2
2157,2
2158,4
2159,4
2160,4
2161,4
2162,4
2163,4
2164,4
2165,4
2166,4
2167,4
2168,4
2169,2
2170,2
2171,1
2172,1
2173,1
2174,1
2175,0
2176,0
2177,0
2178,0
2179,1
2180,0
2181,0
2182,1
2183,1
2184,1
2185,1
2186,1
2187,1
2188,1
2189,1
2190,0
2191,0
2192,0
2193,0
2194,0
2195,1
2196,1
2197,1
2198,1
2199,1
2200,1
2201,2
2202,2
2203,2
2204,2
2205,2
2206,2
2207,2
2208,2
2209,2
2210,2
2211,2
2212,2
2213,1
2214,1
2215,1
2216,1
2217,1
2218,1
2219,1
2220,0
2221,4
2222,4
2223,4
2224,4
2225,4
2226,2
2227,2
2228,2
2229,2
2230,2
2231,2
2232,2
2233,2
2234,4
2235,4
2236,4
2237,4
2238,4
2239,4
2240,4
2241,4
2242,4
2243,2
2244,2
2245,2
2246,0
2247,1
2248,1
2249,1
2250,1
2251,1
2252,1
2253,1
2254,1
2255,1
2256,1
2257,1
2258,0
2259,0
2260,0
2261,0
2262,1
2263,1
2264,1
2265,1
2266,1
2267,1
2268,1
2269,0
2270,0
2271,0
2272,0
2273,0
2274,0
2275,0
2276,0
2277,0
2278,0
2279,1
2280,1
2281,1
2282,1
2283,0
2284,0
2285,0
2286,1
2287,1
2288,1
2289,1
2290,1
2291,1
2292,1
2293,2
2294,2
2295,2
2296,2
2297,1
2298,1
2299,1
2300,1
2301,1
2302,0
2303,0
2304,0
2305,0
2306,0
2307,2
2308,2
2309,4
2310,4
2311,4
2312,4
2313,4
2314,4
2315,4
2316,4
2317,2
2318,2
2319,2
2320,4
2321,4
2322,4
2323,4
2324,4
2325,4
2326,2
2327,2
2328,2
2329,2
2330,1
2331,1
2332,1
2333,1
2334,1
2335,1
2336,1
2337,0
2338,0
2339,0
2340,0
2341,0
2342,0
2343,1
2344,1
2345,1
2346,1
2347,1
2348,1
2349,0
2350,0
2351,0
2352,0
2353,0
2354,0
2355,1
2356,1
2357,1
2358,1
2359,1
2360,1
2361,0
2362,0
2363,1
2364,1
2365,1
2366,1
2367,1
2368,1
2369,1
2370,1
2371,1
2372,1
2373,1
2374,1
2375,2
2376,2
2377,2
2378,2
2379,1
2380,1
2381,1
2382,1
2383,0
2384,2
2385,2
2386,2
2387,4
2388,4
2389,4
2390,2
2391,2
2392,2
2393,2
2394,4
2395,4
2396,4
2397,4
2398,4
2399,4
2400,2
2401,2
2402,2
2403,0
2404,0
2405,1
2406,1
2407,1
2408,1
2409,1
2410,1
2411,0
2412,0
2413,1
2414,1
2415,1
2416,1
2417,1
2418,1
2419,0
2420,1
2421,1
2422,1
2423,1
2424,0
2425,0
2426,0
2427,1
2428,1
2429,1
2430,1
2431,1
2432,2
2433,2
2434,2
2435,2
2436,1
2437,1
2438,1
2439,1
2440,1
2441,1
2442,1
2443,1
2444,1
2445,1
2446,1
2447,0
2448,2
2449,2
2450,2
2451,4
2452,4
2453,4
2454,4
2455,2
2456,2
2457,2
2458,2
2459,2
2460,4
2461,4
2462,4
2463,4
2464,4
2465,4
2466,4
2467,0
2468,0
2469,1
2470,1
2471,1
2472,1
2473,1
2474,1
2475,1
2476,1
2477,1
2478,1
2479,1
2480,1
2481,0
2482,0
2483,0
2484,0
2485,0
2486,1
2487,1
2488,1
2489,0
2490,0
2491,0
2492,0
2493,0
2494,1
2495,1
2496,1
2497,1
2498,1
2499,1
2500,1
2501,1
2502,1
2503,0
2504,1
2505,1
2506,1
2507,1
2508,1
2509,1
2510,1
2511,1
2512,1
2513,1
2514,1
2515,2
2516,2
2517,2
2518,2
2519,1
2520,1
2521,1
2522,1
2523,1
2524,1
2525,1
2526,0
2527,0
2528,0
2529,4
2530,4
2531,4
2532,4
2533,4
2534,2
2535,2
2536,2
2537,2
2538,2
2539,2
2540,2
2541,2
2542,2
2543,2
2544,4
2545,4
2546,4
2547,4
2548,4
2549,4
2550,4
2551,4
2552,4
2553,4
2554,4
2555,2
2556,2
2557,2
2558,1
2559,1
2560,1
2561,1
2562,1
2563,0
2564,0
2565,0
2566,0
2567,0
2568,0
2569,0
2570,0
2571,1
2572,1
2573,1
2574,1
2575,1
2576,1
2577,1
2578,1
2579,1
2580,0
2581,0
2582,0
2583,0
2584,0
2585,1
2586,1
2587,1
2588,1
2589,1
2590,1
2591,1
2592,1
2593,0
2594,0
2595,0
2596,0
2597,0
2598,0
2599,1
2600,1
2601,1
2602,1
2603,1
2604,1
2605,2
2606,2
2607,2
2608,2
2609,2
2610,2
2611,2
2612,1
2613,1
2614,1
2615,1
2616,1
2617,0
2618,0
2619,0
2620,2
2621,2
2622,4
2623,4
2624,4
2625,4
2626,4
2627,4
2628,4
2629,4
2630,4
2631,4
2632,2
2633,2
2634,2
2635,2
2636,4
2637,4
2638,4
2639,4
2640,4
2641,4
2642,4
2643,4
2644,4
2645,4
2646,4
2647,2
2648,2
2649,0
2650,0
2651,0
2652,1
2653,1
2654,1
2655,1
2656,1
2657,1
2658,1
2659,1
2660,0
2661,0
2662,0
2663,0
2664,0
2665,1
2666,1
2667,1
2668,1
2669,1
2670,0
2671,0
2672,0
2673,1
2674,1
2675,1
2676,1
2677,1
2678,1
2679,0
2680,0
2681,1
2682,1
2683,1
2684,1
2685,1
2686,1
2687,1
2688,1
2689,1
2690,2
2691,2
2692,2
2693,2
2694,1
2695,1
2696,1
2697,1
2698,1
2699,1
2700,1
2701,1
2702,0
2703,0
2704,2
2705,4
2706,4
2707,4
2708,2
2709,2
2710,2
2711,2
2712,2
2713,2
2714,2
2715,2
2716,4
2717,4
2718,4
2719,4
2720,4
2721,2
2722,2
2723,2
2724,2
2725,2
2726,0
2727,0
2728,0
2729,1
2730,1
2731,1
2732,1
2733,1
2734,1
2735,0
2736,0
2737,0
2738,1
2739,1
2740,1
2741,1
2742,1
2743,1
2744,1
2745,1
2746,0
2747,0
2748,1
2749,1
2750,1
2751,1
2752,1
2753,0
2754,0
2755,0
2756,0
2757,0
2758,0
2759,0
2760,0
2761,1
2762,1
2763,1
2764,1
2765,1
2766,2
2767,2
2768,2
2769,2
2770,2
2771,1
2772,1
2773,0
2774,0
2775,4
2776,4
2777,4
2778,4
2779,4
2780,4
2781,4
2782,4
2783,4
2784,4
2785,4
2786,4
2787,2
2788,2
2789,2
2790,2
2791,2
2792,2
2793,2
2794,2
2795,2
2796,2
2797,2
2798,2
2799,2
2800,2
2801,2
2802,2
2803,2
2804,4
2805,4
2806,4
2807,4
2808,4
2809,4
2810,4
2811,4
2812,4
2813,4
2814,4
2815,2
2816,2
2817,2
2818,2
2819,2
2820,1
2821,1
2822,1
2823,1
2824,1
2825,1
2826,1
2827,1
2828,0
2829,0
2830,0
2831,1
2832,1
2833,1
2834,1
2835,1
2836,1
2837,1
2838,1
2839,1
2840,1
2841,1
2842,1
2843,1
2844,1
2845,0
2846,0
2847,0
2848,0
2849,0
2850,1
2851,1
2852,1
2853,1
2854,1
2855,1
2856,1
2857,0
2858,0
2859,0
2860,0
2861,0
2862,0
2863,1
2864,1
2865,1
2866,1
2867,1
2868,1
2869,1
2870,2
2871,2
2872,2
2873,2
2874,2
2875,2
2876,2
2877,2
2878,1
2879,1
2880,1
2881,1
2882,1
2883,1
2884,0
2885,2
2886,2
2887,4
2888,4
2889,4
2890,4
2891,4
2892,4
2893,2
2894,2
2895,2
2896,2
2897,4
2898,4
2899,4
2900,4
2901,4
2902,4
2903,4
2904,4
2905,4
2906,4
2907,2
2908,2
2909,2
2910,0
2911,0
2912,1
2913,1
2914,1
2915,1
2916,1
2917,1
2918,1
2919,1
2920,1
2921,0
2922,0
2923,0
2924,1
2925,1
2926,1
2927,1
2928,0
2929,0
2930,0
2931,1
2932,1
2933,1
2934,1
2935,1
2936,0
2937,0
2938,0
2939,0
2940,0
2941,0
2942,0
2943,1
2944,1
2945,1
2946,1
2947,1
2948,1
2949,1
2950,1
2951,1
2952,1
2953,1
2954,1
2955,2
2956,2
2957,2
2958,2
2959,2
2960,2
2961,2
2962,1
2963,1
2964,1
2965,1
2966,1
2967,1
2968,1
2969,0
2970,0
2971,0
2972,2
2973,4
2974,4
2975,4
2976,4
2977,4
2978,4
2979,4
2980,4
2981,2
2982,2
2983,2
2984,2
2985,2
2986,4
2987,4
2988,2
2989,2
2990,0
2991,1
2992,1
2993,1
2994,1
2995,1
2996,1
2997,1
2998,1
2999,1
3000,1
3001,1
3002,0
3003,0
3004,0
3005,0
3006,0
3007,0
3008,1
3009,1
3010,1
3011,1
3012,1
3013,1
3014,1
3015,1
3016,1
3017,1
3018,1
3019,0
3020,0
3021,1
3022,1
3023,1
3024,1
3025,1
3026,1
3027,1
3028,1
3029,1
3030,0
3031,0
3032,0
3033,0
3034,0
3035,1
3036,1
3037,1
3038,1
3039,1
3040,1
3041,1
3042,2
3043,2
3044,2
3045,2
3046,2
3047,1
3048,1
3049,1
3050,1
3051,1
3052,1
3053,1
3054,1
3055,1
3056,1
3057,1
3058,1
3059,0
3060,0
3061,0
3062,2
3063,2
3064,2
3065,4
3066,4
3067,4
3068,4
3069,2
3070,2
3071,2
3072,2
3073,2
3074,2
3075,4
3076,4
3077,2
3078,2
3079,2
3080,2
3081,1
3082,1
3083,1
3084,1
3085,1
3086,1
3087,1
3088,1
3089,0
3090,0
3091,0
3092,0
3093,0
3094,0
3095,0
3096,1
3097,1
3098,1
3099,1
3100,1
3101,1
3102,1
3103,1
3104,1
3105,1
3106,1
3107,0
3108,0
3109,0
3110,0
3111,0
3112,0
3113,0
3114,0
3115,0
3116,1
3117,1
3118,1
3119,1
3120,1
3121,1
3122,1
3123,0
3124,0
3125,0
3126,0
3127,0
3128,1
3129,1
3130,1
3131,1
3132,1
3133,1
3134,1
3135,1
3136,1
3137,1
3138,1
3139,1
3140,2
3141,2
3142,2
3143,2
3144,2
3145,2
3146,2
3147,1
3148,1
3149,1
3150,1
3151,1
3152,0
3153,0
3154,2
3155,2
3156,4
3157,4
3158,4
3159,4
3160,4
3161,4
3162,4
3163,4
3164,4
3165,4
3166,4
3167,4
3168,4
3169,4
3170,4
3171,4
3172,2
3173,2
3174,2
3175,2
3176,2
3177,2
3178,2
3179,2
3180,2
3181,2
3182,2
3183,4
3184,4
3185,4
3186,4
3187,4
3188,4
3189,4
3190,4
3191,4
3192,4
3193,2
3194,2
3195,0
3196,0
3197,1
3198,1
3199,1
3200,1
3201,1
3202,1
3203,1
3204,1
3205,1
3206,1
3207,1
3208,1
3209,0
3210,0
3211,0
3212,1
3213,1
3214,1
3215,1
3216,1
3217,0
3218,0
3219,0
3220,0
3221,1
3222,1
3223,1
3224,1
3225,0
3226,0
3227,0
3228,1
3229,1
3230,1
3231,1
3232,1
3233,1
3234,1
3235,2
3236,2
3237,1
3238,2
3239,2
3240,2
3241,4
3242,4
3243,4
3244,4
3245,4
3246,4
3247,4
3248,4
3249,4
3250,2
3251,2
3252,2
3253,2
3254,4
3255,4
3256,4
3257,4
3258,4
3259,4
3260,4
3261,4
3262,2
3263,0
3264,0
3265,1
3266,1
3267,1
3268,1
3269,1
3270,1
3271,1
3272,1
3273,1
3274,1
3275,1
3276,0
3277,0
3278,0
3279,0
3280,0
3281,0
3282,0
3283,0
3284,0
3285,1
3286,1
3287,1
3288,1
3289,1
3290,1
3291,1
3292,0
3293,0
3294,0
3295,1
3296,1
3297,1
3298,1
3299,1
3300,1
3301,1
3302,1
3303,0
3304,0
3305,0
3306,0
3307,0
3308,0
3309,0
3310,1
3311,1
3312,1
3313,1
3314,1
3315,1
3316,1
3317,1
3318,1
3319,1
3320,1
3321,2
3322,2
3323,2
3324,2
3325,1
3326,1
3327,1
3328,1
3329,1
3330,1
3331,1
3332,1
3333,1
3334,1
3335,1
3336,0
3337,0
3338,2
3339,2
3340,4
3341,4
3342,4
3343,2
3344,2
3345,2
3346,2
3347,2
3348,2
3349,2
3350,2
3351,2
3352,2
3353,2
3354,4
3355,4
3356,4
3357,4
3358,4
3359,1
3360,1
3361,1
3362,1
3363,1
3364,1
3365,0
3366,0
3367,0
3368,0
3369,0
3370,1
3371,1
3372,1
3373,1
3374,1
3375,0
3376,1
3377,1
3378,1
3379,1
3380,1
3381,1
3382,0
3383,0
3384,1
3385,1
3386,1
3387,1
3388,1
3389,1
3390,1
3391,1
3392,1
3393,1
3394,2
3395,2
3396,2
3397,2
3398,2
3399,2
3400,2
3401,2
3402,2
3403,2
3404,2
3405,2
3406,1
3407,1
3408,1
3409,1
3410,1
3411,1
3412,1
3413,1
3414,0
3415,0
3416,2
3417,2
3418,2
3419,2
3420,2
3421,4
3422,4
3423,4
3424,4
3425,4
3426,4
3427,4
3428,4
3429,4
3430,4
3431,2
3432,2
3433,2
3434,2
3435,2
3436,2
3437,2
3438,2
3439,2
3440,4
3441,4
3442,4
3443,4
3444,2
3445,2
3446,0
3447,0
3448,1
3449,1
3450,1
3451,1
3452,1
3453,1
3454,1
3455,1
3456,1
3457,1
3458,1
3459,1
3460,0
3461,0
3462,0
3463,0
3464,0
3465,1
3466,1
3467,1
3468,0
3469,0
3470,0
3471,0
3472,1
3473,1
3474,1
3475,1
3476,1
3477,1
3478,1
3479,1
3480,1
3481,1
3482,1
3483,1
3484,0
3485,0
3486,0
3487,0
3488,1
3489,1
3490,1
3491,1
3492,1
3493,1
3494,1
3495,2
3496,2
3497,2
3498,2
3499,1
3500,1
3501,1
3502,1
3503,1
3504,1
3505,1
3506,0
3507,2
3508,2
3509,4
3510,4
3511,4
3512,4
3513,2
3514,2
3515,2
3516,2
3517,2
3518,2
3519,4
3520,4
3521,4
3522,4
3523,4
3524,4
3525,4
3526,4
3527,4
3528,2
3529,0
3530,1
3531,1
3532,1
3533,1
3534,1
3535,1
3536,1
3537,1
3538,0
3539,0
3540,0
3541,0
3542,0
3543,1
3544,1
3545,1
3546,1
3547,1
3548,1
3549,1
3550,1
3551,1
3552,0
3553,0
3554,0
3555,0
3556,0
3557,0
3558,1
3559,1
3560,1
3561,1
3562,1
3563,1
3564,1
3565,1
3566,1
3567,1
3568,1
3569,1
3570,1
3571,1
3572,1
3573,1
3574,1
3575,1
3576,1
3577,0
3578,0
3579,0
3580,0
3581,0
3582,0
3583,0
3584,0
3585,0
3586,1
3587,1
3588,1
3589,1
3590,1
3591,1
3592,2
3593,2
3594,2
3595,2
3596,2
3597,1
3598,1
3599,1
3600,1
3601,1
3602,2
3603,2
3604,2
3605,2
3606,2
3607,2
3608,4
3609,4
3610,4
3611,4
3612,4
3613,4
3614,4
3615,4
3616,4
3617,4
3618,4
3619,2
3620,2
3621,2
3622,2
3623,2
3624,2
3625,2
3626,4
3627,4
3628,4
3629,4
3630,4
3631,4
3632,2
3633,2
3634,2
3635,0
3636,0
3637,1
3638,1
3639,1
3640,1
3641,1
3642,1
3643,1
3644,1
3645,1
3646,0
3647,0
3648,0
3649,0
3650,1
3651,1
3652,1
3653,1
3654,1
3655,1
3656,1
3657,0
3658,0
3659,1
3660,1
3661,0
3662,0
3663,0
3664,1
3665,1
3666,1
3667,1
3668,1
3669,2
3670,2
3671,2
3672,2
3673,2
3674,2
3675,1
3676,1
3677,1
3678,1
3679,1
3680,1
3681,2
3682,2
3683,2
3684,2
3685,2
3686,4
3687,4
3688,4
3689,4
3690,4
3691,4
3692,4
3693,4
3694,4
3695,4
3696,4
3697,2
3698,2
3699,2
3700,2
3701,2
3702,4
3703,4
3704,4
3705,4
3706,4
3707,4
3708,4
3709,2
3710,2
3711,2
3712,2
3713,2
3714,2
3715,0
3716,1
3717,1
3718,1
3719,1
3720,1
3721,1
3722,1
3723,1
3724,1
3725,1
3726,1
3727,1
3728,1
3729,0
3730,0
3731,0
3732,0
3733,0
3734,1
3735,1
3736,1
3737,1
3738,1
3739,1
3740,0
3741,0
3742,0
3743,1
3744,1
3745,0
3746,0
3747,0
3748,1
3749,1
3750,1
3751,1
3752,1
3753,1
3754,1
3755,2
3756,2
3757,2
3758,2
3759,2
3760,1
3761,1
3762,1
3763,1
3764,1
3765,1
3766,1
3767,1
3768,1
3769,0
3770,0
3771,2
3772,2
3773,2
3774,2
3775,4
3776,4
3777,4
3778,4
3779,4
3780,4
3781,4
3782,4
3783,4
3784,4
3785,4
3786,4
3787,4
3788,2
3789,2
3790,2
3791,2
3792,2
3793,2
3794,4
3795,4
3796,4
3797,4
3798,4
3799,4
3800,4
3801,4
3802,4
3803,4
3804,4
3805,4
3806,4
3807,4
3808,2
3809,2
3810,1
3811,1
3812,1
3813,1
3814,0
3815,1
3816,1
3817,1
3818,1
3819,1
3820,1
3821,1
3822,1
3823,1
3824,0
3825,0
3826,0
3827,0
3828,0
3829,1
3830,1
3831,1
3832,1
3833,1
3834,1
3835,1
3836,1
3837,1
3838,1
3839,1
3840,1
3841,1
3842,1
3843,0
3844,0
3845,1
3846,1
3847,1
3848,1
3849,1
3850,1
3851,1
3852,2
3853,2
3854,2
3855,2
3856,2
3857,2
3858,1
3859,1
3860,1
3861,1
3862,1
3863,1
3864,1
3865,1
3866,2
3867,2
3868,4
3869,4
3870,4
3871,4
3872,4
3873,4
3874,2
3875,2
3876,2
3877,2
3878,2
3879,2
3880,2
3881,2
3882,2
3883,2
3884,4
3885,4
3886,4
3887,4
3888,4
3889,4
3890,4
3891,4
3892,4
3893,2
3894,2
3895,2
3896,2
3897,2
3898,0
3899,1
3900,1
3901,1
3902,1
3903,1
3904,1
3905,1
3906,0
3907,0
3908,0
3909,0
3910,1
3911,1
3912,1
3913,1
3914,1
3915,1
3916,1
3917,1
3918,0
3919,0
3920,0
3921,0
3922,0
3923,0
3924,1
3925,1
3926,1
3927,1
3928,1
3929,1
3930,1
3931,0
3932,0
3933,0
3934,0
3935,0
3936,0
3937,1
3938,1
3939,1
3940,1
3941,1
3942,1
3943,1
3944,1
3945,1
3946,1
3947,1
3948,1
3949,2
3950,2
3951,2
3952,2
3953,2
3954,1
3955,1
3956,1
3957,1
3958,1
3959,1
3960,0
3961,0
3962,2
3963,2
3964,2
3965,4
3966,4
3967,4
3968,4
3969,2
3970,2
3971,2
3972,2
3973,2
3974,2
3975,2
3976,4
3977,4
3978,4
3979,4
3980,4
3981,4
3982,4
3983,4
3984,4
3985,4
3986,4
3987,2
3988,2
3989,2
3990,2
3991,2
3992,2
3993,2
3994,2
3995,2
3996,0
3997,1
3998,1
3999,1
4000,1
4001,1
4002,1
4003,1
4004,1
4005,1
4006,0
4007,0
4008,0
4009,0
4010,1
4011,1
4012,1
4013,1
4014,1
4015,1
4016,1
4017,1
4018,1
4019,0
4020,0
4021,1
4022,1
4023,1
4024,1
4025,1
4026,1
4027,0
4028,0
4029,0
4030,1
4031,1
4032,1
4033,1
4034,1
4035,1
4036,2
4037,2
4038,2
4039,2
4040,2
4041,2
4042,2
4043,2
4044,2
4045,2
4046,1
4047,1
4048,1
4049,1
4050,1
4051,1
4052,1
4053,1
4054,1
4055,1
4056,1
4057,1
4058,0
4059,4
4060,4
4061,4
4062,4
4063,4
4064,2
4065,2
4066,2
4067,2
4068,4
4069,4
4070,4
4071,4
4072,4
4073,4
4074,4
4075,4
4076,4
4077,2
4078,2
4079,0
4080,1
4081,1
4082,1
4083,1
4084,1
4085,1
4086,1
4087,0
4088,0
4089,0
4090,0
4091,0
4092,1
4093,1
4094,1
4095,1
4096,1
4097,1
4098,1
4099,1
4100,0
4101,0
4102,0
4103,0
4104,0
4105,0
4106,1
4107,1
4108,1
4109,1
4110,1
4111,1
4112,1
4113,1
4114,0
4115,0
4116,0
4117,0
4118,0
4119,0
4120,1
4121,1
4122,1
4123,1
4124,1
4125,1
4126,2
4127,2
4128,2
4129,2
4130,2
4131,2
4132,2
4133,2
4134,2
4135,2
4136,1
4137,0
4138,0
4139,0
4140,2
4141,4
4142,4
4143,4
4144,4
4145,4
4146,4
4147,4
4148,4
4149,4
4150,4
4151,4
4152,4
4153,4
4154,4
4155,2
4156,2
4157,2
4158,2
4159,2
4160,2
4161,2
4162,2
4163,2
4164,2
4165,2
4166,4
4167,4
4168,4
4169,4
4170,4
4171,4
4172,4
4173,4
4174,4
4175,4
4176,4
4177,4
4178,4
4179,4
4180,4
4181,4
4182,4
4183,4
4184,2
4185,2
4186,0
4187,1
4188,1
4189,1
4190,1
4191,1
4192,1
4193,1
4194,0
4195,0
4196,0
4197,0
4198,1
4199,1
4200,1
4201,1
4202,1
4203,1
4204,1
4205,1
4206,1
4207,1
4208,0
4209,0
4210,0
4211,0
4212,1
4213,1
4214,1
4215,1
4216,0
4217,0
4218,0
4219,0
4220,1
4221,1
4222,1
4223,1
4224,1
4225,1
4226,1
4227,1
4228,1
4229,1
4230,1
4231,1
4232,1
4233,2
4234,2
4235,1
4236,1
4237,1
4238,1
4239,1
4240,1
4241,1
4242,1
4243,0
4244,0
4245,2
4246,2
4247,2
4248,4
4249,4
4250,4
4251,4
4252,4
4253,4
4254,4
4255,4
4256,4
4257,4
4258,4
4259,4
4260,4
4261,4
4262,2
4263,2
4264,2
4265,2
4266,2
4267,2
4268,4
4269,4
4270,4
4271,4
4272,4
4273,2
4274,2
4275,2
4276,2
4277,2
4278,2
4279,0
4280,0
4281,1
4282,1
4283,1
4284,1
4285,1
4286,0
4287,0
4288,0
4289,0
4290,0
4291,0
4292,0
4293,0
4294,1
4295,1
4296,1
4297,1
4298,1
4299,1
4300,0
4301,0
4302,0
4303,0
4304,0
4305,0
4306,1
4307,1
4308,1
4309,1
4310,1
4311,1
4312,1
4313,1
4314,1
4315,1
4316,1
4317,0
4318,1
4319,1
4320,1
4321,2
4322,2
4323,2
4324,2
4325,2
4326,2
4327,2
4328,2
4329,1
4330,1
4331,1
4332,1
4333,1
4334,1
4335,1
4336,1
4337,1
4338,0
4339,0
4340,0
4341,0
4342,2
4343,4
4344,4
4345,4
4346,4
4347,4
4348,4
4349,4
4350,4
4351,4
4352,4
4353,4
4354,2
4355,2
4356,2
4357,2
4358,2
4359,2
4360,2
4361,2
4362,4
4363,4
4364,4
4365,4
4366,4
4367,4
4368,4
4369,4
4370,4
4371,4
4372,2
4373,2
4374,2
4375,2
4376,2
4377,2
4378,1
4379,0
4380,0
4381,0
4382,0
4383,1
4384,1
4385,1
4386,1
4387,1
4388,1
4389,1
4390,1
4391,0
4392,0
4393,1
4394,1
4395,1
4396,0
4397,0
4398,0
4399,0
4400,0
4401,1
4402,1
4403,1
4404,1
4405,1
4406,1
4407,1
4408,1
4409,1
4410,1
4411,2
4412,2
4413,1
4414,1
4415,1
4416,1
4417,0
4418,0
4419,0
4420,0
4421,2
4422,2
4423,2
4424,4
4425,4
4426,4
4427,4
4428,4
4429,4
4430,4
4431,4
4432,4
4433,4
4434,4
4435,4
4436,4
4437,4
4438,4
4439,4
4440,4
4441,4
4442,2
4443,2
4444,2
4445,2
4446,4
4447,4
4448,4
4449,4
4450,4
4451,4
4452,4
4453,4
4454,4
4455,4
4456,4
4457,4
4458,4
4459,4
4460,2
4461,0
4462,0
4463,1
4464,1
4465,1
4466,1
4467,1
4468,1
4469,0
4470,0
4471,0
4472,0
4473,1
4474,1
4475,1
4476,1
4477,1
4478,0
4479,0
4480,0
4481,0
4482,0
4483,0
4484,0
4485,0
4486,1
4487,1
4488,1
4489,1
4490,1
4491,1
4492,0
4493,0
4494,1
4495,1
4496,1
4497,1
4498,1
4499,1
4500,1
4501,2
4502,2
4503,2
4504,2
4505,2
4506,2
4507,2
4508,2
4509,2
4510,1
4511,1
4512,1
4513,1
4514,1
4515,1
4516,1
4517,1
4518,0
4519,0
4520,0
4521,2
4522,2
4523,2
4524,4
4525,4
4526,4
4527,4
4528,4
4529,4
4530,4
4531,4
4532,4
4533,4
4534,4
4535,4
4536,2
4537,2
4538,2
4539,4
4540,4
4541,4
4542,4
4543,4
4544,2
4545,2
4546,2
4547,2
4548,0
4549,0
4550,1
4551,1
4552,1
4553,1
4554,1
4555,1
4556,0
4557,0
4558,0
4559,0
4560,1
4561,1
4562,1
4563,1
4564,1
4565,1
4566,1
4567,0
4568,0
4569,0
4570,1
4571,1
4572,1
4573,1
4574,1
4575,1
4576,1
4577,1
4578,1
4579,1
4580,0
4581,0
4582,0
4583,0
4584,0
4585,0
4586,1
4587,1
4588,1
4589,1
4590,1
4591,1
4592,1
4593,1
4594,1
4595,2
4596,2
4597,2
4598,2
4599,2
4600,2
4601,1
4602,1
4603,1
4604,1
4605,1
4606,1
4607,1
4608,0
4609,0
4610,2
4611,4
4612,4
4613,4
4614,4
4615,4
4616,4
4617,4
4618,4
4619,4
4620,4
4621,2
4622,2
4623,2
4624,2
4625,2
4626,2
4627,2
4628,2
4629,2
4630,4
4631,4
4632,4
4633,4
4634,4
4635,4
4636,4
4637,4
4638,4
4639,0
4640,1
4641,1
4642,0
4643,0
4644,0
4645,0
4646,0
4647,1
4648,1
4649,1
4650,1
4651,1
4652,1
4653,0
4654,0
4655,0
4656,0
4657,0
4658,1
4659,1
4660,1
4661,1
4662,1
4663,1
4664,1
4665,1
4666,1
4667,1
4668,2
4669,2
4670,2
4671,2
4672,2
4673,2
4674,2
4675,2
4676,2
4677,1
4678,1
4679,1
4680,0
4681,0
4682,0
4683,2
4684,2
4685,2
4686,4
4687,4
4688,4
4689,4
4690,4
4691,4
4692,4
4693,4
4694,4
4695,4
4696,4
4697,4
4698,2
4699,2
4700,2
4701,2
4702,4
4703,4
4704,4
4705,4
4706,4
4707,4
4708,2
4709,2
4710,0
4711,1
4712,1
4713,1
4714,1
4715,1
4716,1
4717,1
4718,1
4719,1
4720,1
4721,1
4722,0
4723,0
4724,0
4725,0
4726,0
4727,0
4728,0
4729,1
4730,1
4731,1
4732,1
4733,1
4734,1
4735,0
4736,0
4737,0
4738,1
4739,1
4740,1
4741,1
4742,1
4743,1
4744,0
4745,0
4746,0
4747,0
4748,0
4749,0
4750,1
4751,1
4752,1
4753,1
4754,2
4755,2
4756,2
4757,2
4758,2
4759,2
4760,1
4761,1
4762,0
4763,4
4764,4
4765,4
4766,4
4767,4
4768,4
4769,4
4770,4
4771,4
4772,4
4773,2
4774,2
4775,2
4776,2
4777,2
4778,4
4779,4
4780,4
4781,4
4782,4
4783,4
4784,4
4785,2
4786,0
4787,1
4788,1
4789,1
4790,1
4791,1
4792,1
4793,1
4794,1
4795,0
4796,1
4797,1
4798,1
4799,1
4800,1
4801,0
4802,0
4803,0
4804,0
4805,1
4806,1
4807,1
4808,1
4809,1
4810,1
4811,1
4812,1
4813,1
4814,1
4815,1
4816,1
4817,0
4818,0
4819,0
4820,0
4821,0
4822,0
4823,1
4824,1
4825,1
4826,1
4827,1
4828,1
4829,2
4830,2
4831,2
4832,1
4833,1
4834,1
4835,1
4836,1
4837,1
4838,1
4839,1
4840,1
4841,1
4842,0
4843,0
4844,0
4845,2
4846,2
4847,2
4848,2
4849,2
4850,2
4851,2
4852,4
4853,4
4854,4
4855,4
4856,4
4857,4
4858,4
4859,4
4860,4
4861,4
4862,4
4863,2
4864,2
4865,2
4866,2
4867,2
4868,2
4869,2
4870,2
4871,2
4872,4
4873,4
4874,4
4875,4
4876,4
4877,4
4878,4
4879,4
4880,4
4881,2
4882,2
4883,0
4884,1
4885,1
4886,1
4887,1
4888,1
4889,1
4890,1
4891,0
4892,0
4893,0
4894,0
4895,0
4896,0
4897,0
4898,1
4899,1
4900,1
4901,1
4902,1
4903,1
4904,1
4905,1
4906,0
4907,0
4908,0
4909,0
4910,1
4911,1
4912,1
4913,1
4914,1
4915,1
4916,1
4917,1
4918,1
4919,1
4920,1
4921,0
4922,0
4923,1
4924,1
4925,1
4926,1
4927,1
4928,1
4929,1
4930,1
4931,1
4932,2
4933,2
4934,2
4935,2
4936,1
4937,1
4938,1
4939,1
4940,1
4941,1
4942,1
4943,1
4944,0
4945,0
4946,0
4947,2
4948,2
4949,2
4950,2
4951,2
4952,2
4953,2
4954,4
4955,4
4956,4
4957,4
4958,2
4959,2
4960,2
4961,2
4962,2
4963,2
4964,2
4965,2
4966,2
4967,2
4968,2
4969,2
4970,4
4971,4
4972,4
4973,4
4974,4
4975,4
4976,2
4977,2
4978,2
4979,0
4980,1
4981,1
4982,1
4983,1
4984,1
4985,1
4986,1
4987,0
4988,0
4989,0
4990,0
4991,0
4992,0
4993,0
4994,1
4995,1
4996,1
4997,1
4998,1
4999,1
5000,1
5001,0
5002,0
5003,0
5004,0
5005,0
5006,0
5007,0
5008,1
5009,1
5010,1
5011,1
5012,1
5013,1
5014,0
5015,1
5016,1
5017,1
5018,1
5019,1
5020,1
5021,1
5022,1
5023,1
5024,2
5025,2
5026,2
5027,2
5028,2
5029,2
5030,2
5031,2
5032,2
5033,1
5034,1
5035,1
5036,1
5037,1
5038,0
5039,0
5040,0
5041,0
5042,0
5043,0
5044,0
5045,0
5046,4
5047,4
5048,4
5049,4
5050,4
5051,4
5052,4
5053,2
5054,2
5055,4
5056,4
5057,4
5058,4
5059,4
5060,2
5061,2
5062,1
5063,1
5064,1
5065,1
5066,1
5067,1
5068,1
5069,1
5070,0
5071,0
5072,0
5073,0
5074,0
5075,0
5076,0
5077,0
5078,0
5079,0
5080,1
5081,1
5082,1
5083,1
5084,0
5085,0
5086,0
5087,0
5088,0
5089,1
5090,1
5091,1
5092,1
5093,1
5094,1
5095,1
5096,0
5097,0
5098,0
5099,1
5100,0
5101,1
5102,1
5103,1
5104,1
5105,1
5106,0
5107,0
5108,1
5109,1
5110,1
5111,1
5112,2
5113,2
5114,2
5115,1
5116,1
5117,1
5118,1
5119,1
5120,1
5121,1
5122,1
5123,2
5124,0
5125,2
5126,2
5127,2
5128,4
5129,4
5130,4
5131,2
5132,4
5133,4
5134,4
5135,4
5136,2
5137,2
5138,2
5139,2
5140,2
5141,2
5142,2
5143,4
5144,4
5145,4
5146,2
5147,2
5148,4
5149,4
5150,4
5151,4
5152,4
5153,2
5154,2
5155,2
5156,0
5157,0
5158,0
5159,0
5160,0
5161,1
5162,0
5163,1
5164,0
5165,0
5166,0
5167,1
5168,0
5169,0
5170,0
5171,0
5172,0
5173,0
5174,1
5175,1
5176,0
5177,1
5178,0
5179,1
5180,1
5181,1
5182,0
5183,0
5184,0
5185,0
5186,0
5187,0
5188,0
5189,0
5190,1
5191,1
5192,1
5193,1
5194,1
5195,1
5196,1
5197,0
5198,0
5199,0
5200,0
5201,0
5202,0
5203,1
5204,1
5205,0
5206,1
5207,1
5208,1
5209,1
5210,1
5211,0
5212,2
5213,2
5214,2
5215,2
5216,2
5217,1
5218,1
5219,1
5220,1
5221,1
5222,0
5223,0
5224,2
5225,2
5226,2
5227,2
5228,4
5229,4
5230,4
5231,4
5232,4
5233,4
5234,4
5235,4
5236,2
5237,2
5238,2
5239,2
5240,2
5241,2
5242,4
5243,2
5244,2
5245,2
5246,2
5247,0
5248,1
5249,1
5250,0
5251,1
5252,1
5253,1
5254,1
5255,0
5256,0
5257,0
5258,1
5259,0
5260,0
5261,0
5262,1
5263,1
5264,0
5265,1
5266,1
5267,1
5268,0
5269,0
5270,1
5271,1
5272,0
5273,1
5274,0
5275,1
5276,0
5277,1
5278,1
5279,1
5280,1
5281,1
5282,0
5283,0
5284,0
5285,0
5286,0
5287,1
5288,0
5289,1
5290,1
5291,1
5292,1
5293,2
5294,2
5295,2
5296,2
5297,2
5298,1
5299,2
5300,1
5301,2
5302,0
5303,0
5304,0
5305,0
5306,2
5307,2
5308,4
5309,4
5310,4
5311,4
5312,4
5313,4
5314,4
5315,2
5316,2
5317,2
5318,2
5319,2
5320,2
5321,2
5322,2
5323,2
5324,2
5325,4
5326,4
5327,4
5328,4
5329,4
5330,4
5331,2
5332,2
5333,4
5334,2
5335,4
5336,2
5337,2
5338,2
5339,2
5340,2
5341,2
5342,2
5343,2
5344,0
5345,0
5346,0
5347,0
5348,1
5349,1
5350,1
5351,1
5352,1
5353,0
5354,0
5355,1
5356,0
5357,0
5358,1
5359,1
5360,1
5361,1
5362,1
5363,1
5364,1
5365,0
5366,1
5367,1
5368,1
5369,1
5370,1
5371,1
5372,0
5373,0
5374,0
5375,1
5376,1
5377,0
5378,0
5379,1
5380,1
5381,1
5382,1
5383,0
5384,0
5385,0
5386,0
5387,0
5388,1
5389,1
5390,1
5391,1
5392,1
5393,1
5394,0
5395,0
5396,0
5397,2
5398,2
5399,2
5400,1
5401,1
5402,1
5403,1
5404,1
5405,1
5406,1
5407,0
5408,0
5409,0
5410,2
5411,4
5412,4
5413,4
5414,2
5415,4
5416,4
5417,4
5418,4
5419,2
5420,2
5421,2
5422,2
5423,4
5424,4
5425,4
5426,4
5427,4
5428,4
5429,2
5430,4
5431,4
5432,4
5433,4
5434,4
5435,4
5436,2
5437,2
5438,2
5439,2
5440,0
5441,0
5442,1
5443,1
5444,1
5445,0
5446,0
5447,1
5448,0
5449,1
5450,1
5451,1
5452,1
5453,1
5454,1
5455,1
5456,1
5457,0
5458,1
5459,1
5460,0
5461,0
5462,0
5463,0
5464,0
5465,1
5466,1
5467,1
5468,0
5469,1
5470,0
5471,0
5472,0
5473,0
5474,0
5475,0
5476,1
5477,1
5478,1
5479,1
5480,0
5481,1
5482,1
5483,1
5484,1
5485,1
5486,2
5487,2
5488,2
5489,0
5490,2
5491,0
5492,2
5493,1
5494,1
5495,2
5496,2
5497,1
5498,1
5499,2
5500,2
5501,1
5502,1
5503,0
5504,2
5505,2
5506,4
5507,4
5508,4
5509,2
5510,4
5511,4
5512,4
5513,4
5514,4
5515,4
5516,4
5517,4
5518,2
5519,2
5520,2
5521,2
5522,2
5523,2
5524,2
5525,2
5526,4
5527,4
5528,2
5529,2
5530,4
5531,4
5532,2
5533,2
5534,2
5535,0
5536,0
5537,0
5538,1
5539,1
5540,1
5541,1
5542,1
5543,1
5544,1
5545,1
5546,1
5547,0
5548,0
5549,0
5550,0
5551,0
5552,0
5553,1
5554,1
5555,1
5556,1
5557,1
5558,1
5559,0
5560,0
5561,0
5562,0
5563,0
5564,1
5565,1
5566,1
5567,1
5568,0
5569,0
5570,0
5571,1
5572,1
5573,1
5574,1
5575,1
5576,1
5577,0
5578,0
5579,2
5580,2
5581,2
5582,2
5583,2
5584,1
5585,1
5586,1
5587,1
5588,1
5589,1
5590,1
5591,1
5592,2
5593,1
5594,1
5595,2
5596,0
5597,0
5598,2
5599,2
5600,2
5601,4
5602,4
5603,4
5604,4
5605,4
5606,4
5607,2
5608,2
5609,4
5610,2
5611,2
5612,2
5613,2
5614,2
5615,2
5616,2
5617,4
5618,4
5619,4
5620,4
5621,4
5622,2
5623,4
5624,4
5625,0
5626,0
5627,0
5628,0
5629,1
5630,1
5631,1
5632,1
5633,1
5634,0
5635,0
5636,0
5637,0
5638,1
5639,1
5640,1
5641,1
5642,1
5643,0
5644,0
5645,0
5646,0
5647,0
5648,0
5649,1
5650,0
5651,0
5652,0
5653,0
5654,1
5655,1
5656,1
5657,1
5658,0
5659,0
5660,1
5661,1
5662,1
5663,1
5664,1
5665,1
5666,2
5667,2
5668,2
5669,1
5670,1
5671,1
5672,1
5673,1
5674,1
5675,1
5676,2
5677,2
5678,2
5679,2
5680,2
5681,2
5682,4
5683,2
5684,4
5685,4
5686,4
5687,4
5688,4
5689,4
5690,2
5691,2
5692,2
5693,2
5694,2
5695,2
5696,2
5697,2
5698,2
5699,2
5700,2
5701,2
5702,2
5703,4
5704,4
5705,4
5706,4
5707,4
5708,2
5709,2
5710,2
5711,0
5712,1
5713,1
5714,1
5715,1
5716,0
5717,0
5718,1
5719,0
5720,1
5721,1
5722,0
5723,0
5724,0
5725,0
5726,1
5727,1
5728,1
5729,1
5730,1
5731,0
5732,0
5733,0
5734,0
5735,0
5736,1
5737,0
5738,0
5739,0
5740,0
5741,0
5742,0
5743,1
5744,1
5745,1
5746,1
5747,1
5748,0
5749,0
5750,0
5751,1
5752,0
5753,2
5754,0
5755,2
5756,1
5757,1
5758,2
5759,1
5760,1
5761,2
5762,2
5763,1
5764,2
5765,1
5766,1
5767,1
5768,0
5769,2
5770,2
5771,0
5772,2
5773,2
5774,2
5775,2
5776,2
5777,4
5778,2
5779,4
5780,2
5781,4
5782,4
5783,4
5784,2
5785,2
5786,2
5787,4
5788,4
5789,2
5790,2
5791,2
5792,2
5793,2
5794,4
5795,4
5796,4
5797,2
5798,2
5799,2
5800,4
5801,2
5802,2
5803,2
5804,2
5805,2
5806,2
5807,0
5808,0
5809,1
5810,1
5811,1
5812,1
5813,1
5814,1
5815,1
5816,1
5817,1
5818,0
5819,0
5820,0
5821,1
5822,1
5823,1
5824,0
5825,1
5826,1
5827,1
5828,0
5829,0
5830,0
5831,0
5832,0
5833,1
5834,1
5835,1
5836,1
5837,1
5838,0
5839,0
5840,0
5841,0
5842,0
5843,0
5844,0
5845,0
5846,0
5847,0
5848,0
5849,0
5850,0
5851,1
5852,0
5853,1
5854,1
5855,1
5856,1
5857,1
5858,1
5859,1
5860,1
5861,1
5862,0
5863,2
5864,2
5865,2
5866,2
5867,2
5868,2
5869,1
5870,1
5871,2
5872,2
5873,1
5874,0
5875,2
5876,2
5877,2
5878,2
5879,2
5880,4
5881,4
5882,4
5883,4
5884,4
5885,2
5886,4
5887,2
5888,2
5889,2
5890,2
5891,2
5892,2
5893,2
5894,2
5895,2
5896,2
5897,4
5898,4
5899,4
5900,4
5901,2
5902,2
5903,2
5904,2
5905,0
5906,0
5907,0
5908,1
5909,0
5910,0
5911,0
5912,0
5913,0
5914,1
5915,1
5916,0
5917,1
5918,1
5919,1
5920,1
5921,1
5922,1
5923,1
5924,1
5925,0
5926,0
5927,0
5928,0
5929,0
5930,1
5931,1
5932,1
5933,0
5934,1
5935,1
5936,1
5937,1
5938,0
5939,0
5940,0
5941,0
5942,0
5943,1
5944,1
5945,1
5946,1
5947,1
5948,1
5949,1
5950,0
5951,1
5952,1
5953,1
5954,1
5955,2
5956,2
5957,2
5958,1
5959,2
5960,1
5961,2
5962,1
5963,1
5964,1
5965,2
5966,2
5967,2
5968,2
5969,2
5970,2
5971,2
5972,4
5973,4
5974,4
5975,4
5976,4
5977,4
5978,4
5979,2
5980,2
5981,4
5982,2
5983,2
5984,2
5985,2
5986,2
5987,2
5988,2
5989,2
5990,2
5991,4
5992,4
5993,2
5994,2
5995,4
5996,4
5997,2
5998,4
5999,2
6000,4
6001,4
6002,4
6003,4
6004,2
6005,2
6006,2
6007,0
6008,1
6009,1
6010,0
6011,1
6012,1
6013,1
6014,1
6015,1
6016,1
6017,1
6018,1
6019,0
6020,0
6021,0
6022,0
6023,0
6024,1
6025,1
6026,1
6027,1
6028,1
6029,1
6030,1
6031,1
6032,0
6033,0
6034,0
6035,0
6036,0
6037,0
6038,0
6039,0
6040,1
6041,1
6042,1
6043,1
6044,1
6045,1
6046,1
6047,1
6048,1
6049,1
6050,1
6051,0
6052,0
6053,1
6054,1
6055,1
6056,1
6057,0
6058,1
6059,2
6060,0
6061,2
6062,2
6063,1
6064,2
6065,1
6066,1
6067,2
6068,2
6069,2
6070,2
6071,2
6072,4
6073,4
6074,4
6075,2
6076,2
6077,2
6078,2
6079,2
6080,2
6081,2
6082,4
6083,4
6084,4
6085,2
6086,4
6087,2
6088,4
6089,2
6090,2
6091,2
6092,2
6093,0
6094,0
6095,0
6096,1
6097,1
6098,0
6099,1
6100,1
6101,1
6102,1
6103,1
6104,1
6105,0
6106,1
6107,1
6108,0
6109,0
6110,0
6111,0
6112,0
6113,0
6114,0
6115,1
6116,1
6117,0
6118,1
6119,1
6120,1
6121,1
6122,0
6123,0
6124,0
6125,1
6126,1
6127,1
6128,0
6129,0
6130,1
6131,0
6132,0
6133,0
6134,1
6135,0
6136,0
6137,1
6138,0
6139,0
6140,0
6141,0
6142,1
6143,1
6144,1
6145,1
6146,1
6147,0
6148,0
6149,1
6150,1
6151,2
6152,2
6153,0
6154,2
6155,2
6156,1
6157,1
6158,1
6159,1
6160,2
6161,2
6162,1
6163,1
6164,0
6165,0
6166,0
6167,0
6168,2
6169,2
6170,2
6171,2
6172,2
6173,4
6174,4
6175,4
6176,4
6177,4
6178,4
6179,4
6180,4
6181,2
6182,4
6183,4
6184,2
6185,2
6186,2
6187,4
6188,4
6189,4
6190,2
6191,4
6192,2
6193,4
6194,4
6195,4
6196,4
6197,2
6198,2
6199,2
6200,2
6201,2
6202,2
6203,0
6204,0
6205,0
6206,0
6207,0
6208,1
6209,1
6210,1
6211,0
6212,1
6213,1
6214,1
6215,0
6216,1
6217,1
6218,0
6219,1
6220,0
6221,1
6222,0
6223,0
6224,0
6225,0
6226,0
6227,1
6228,1
6229,1
6230,1
6231,1
6232,1
6233,1
6234,1
6235,1
6236,0
6237,0
6238,0
6239,0
6240,1
6241,1
6242,1
6243,1
6244,0
6245,1
6246,1
6247,1
6248,0
6249,0
6250,0
6251,0
6252,0
6253,0
6254,0
6255,0
6256,0
6257,0
6258,1
6259,1
6260,1
6261,1
6262,1
6263,1
6264,1
6265,2
6266,2
6267,2
6268,2
6269,2
6270,2
6271,2
6272,1
6273,1
6274,1
6275,1
6276,0
6277,0
6278,0
6279,0
6280,0
6281,0
6282,0
6283,2
6284,2
6285,2
6286,4
6287,4
6288,4
6289,4
6290,4
6291,4
6292,4
6293,2
6294,2
6295,2
6296,2
6297,2
6298,4
6299,4
6300,4
6301,4
6302,4
6303,4
6304,4
6305,4
6306,4
6307,4
6308,4
6309,4
6310,4
6311,2
6312,2
6313,2
6314,1
6315,1
6316,1
6317,1
6318,1
6319,1
6320,1
6321,1
6322,1
6323,1
6324,1
6325,1
6326,0
6327,0
6328,1
6329,1
6330,1
6331,1
6332,1
6333,0
6334,0
6335,0
6336,1
6337,1
6338,1
6339,1
6340,1
6341,1
6342,1
6343,0
6344,0
6345,0
6346,0
6347,0
6348,0
6349,0
6350,0
6351,0
6352,1
6353,1
6354,1
6355,1
6356,1
6357,1
6358,1
6359,2
6360,2
6361,2
6362,2
6363,2
6364,2
6365,2
6366,2
6367,1
6368,1
6369,1
6370,1
6371,1
6372,1
6373,1
6374,1
6375,1
6376,1
6377,0
6378,2
6379,2
6380,4
6381,4
6382,4
6383,4
6384,4
6385,4
6386,4
6387,4
6388,4
6389,4
6390,2
6391,2
6392,2
6393,2
6394,2
6395,2
6396,2
6397,2
6398,2
6399,2
6400,2
6401,2
6402,2
6403,2
6404,4
6405,4
6406,4
6407,4
6408,4
6409,4
6410,4
6411,4
6412,4
6413,4
6414,4
6415,2
6416,0
6417,1
6418,1
6419,1
6420,1
6421,1
6422,1
6423,1
6424,0
6425,0
6426,0
6427,0
6428,0
6429,0
6430,0
6431,1
6432,1
6433,1
6434,1
6435,1
6436,1
6437,1
6438,1
6439,0
6440,0
6441,0
6442,0
6443,1
6444,1
6445,1
6446,0
6447,0
6448,1
6449,1
6450,1
6451,1
6452,1
6453,1
6454,2
6455,1
6456,1
6457,1
6458,1
6459,1
6460,1
6461,1
6462,0
6463,0
6464,0
6465,2
6466,2
6467,2
6468,4
6469,4
6470,4
6471,4
6472,4
6473,2
6474,2
6475,2
6476,2
6477,2
6478,2
6479,2
6480,2
6481,4
6482,4
6483,4
6484,4
6485,4
6486,4
6487,4
6488,4
6489,4
6490,4
6491,4
6492,4
6493,2
6494,1
6495,1
6496,1
6497,0
6498,0
6499,0
6500,0
6501,1
6502,1
6503,1
6504,1
6505,1
6506,0
6507,0
6508,0
6509,1
6510,1
6511,1
6512,1
6513,1
6514,1
6515,1
6516,1
6517,1
6518,1
6519,0
6520,0
6521,0
6522,0
6523,1
6524,1
6525,1
6526,1
6527,1
6528,1
6529,1
6530,1
6531,1
6532,1
6533,1
6534,1
6535,1
6536,2
6537,2
6538,2
6539,2
6540,2
6541,2
6542,2
6543,2
6544,1
6545,1
6546,1
6547,1
6548,1
6549,1
6550,1
6551,0
6552,0
6553,0
6554,2
6555,2
6556,2
6557,4
6558,4
6559,4
6560,4
6561,4
6562,4
6563,4
6564,4
6565,4
6566,4
6567,4
6568,4
6569,2
6570,2
6571,2
6572,2
6573,2
6574,2
6575,2
6576,2
6577,2
6578,4
6579,4
6580,4
6581,4
6582,4
6583,4
6584,4
6585,4
6586,2
6587,2
6588,2
6589,0
6590,1
6591,1
6592,1
6593,1
6594,1
6595,1
6596,1
6597,1
6598,0
6599,0
6600,0
6601,0
6602,0
6603,0
6604,0
6605,1
6606,1
6607,1
6608,1
6609,1
6610,1
6611,1
6612,1
6613,1
6614,1
6615,0
6616,1
6617,1
6618,1
6619,1
6620,1
6621,1
6622,0
6623,0
6624,1
6625,1
6626,1
6627,1
6628,1
6629,1
6630,1
6631,1
6632,1
6633,1
6634,2
6635,2
6636,2
6637,2
6638,2
6639,2
6640,2
6641,2
6642,1
6643,1
6644,1
6645,1
6646,1
6647,1
6648,1
6649,1
6650,1
6651,1
6652,1
6653,1
6654,1
6655,0
6656,0
6657,0
6658,2
6659,2
6660,2
6661,4
6662,4
6663,2
6664,2
6665,2
6666,2
6667,2
6668,2
6669,2
6670,4
6671,4
6672,4
6673,4
6674,4
6675,4
6676,4
6677,4
6678,2
6679,2
6680,2
6681,2
6682,0
6683,1
6684,1
6685,1
6686,1
6687,0
6688,0
6689,0
6690,0
6691,1
6692,1
6693,1
6694,1
6695,1
6696,1
6697,1
6698,1
6699,1
6700,1
6701,1
6702,1
6703,1
6704,1
6705,1
6706,0
6707,0
6708,0
6709,0
6710,1
6711,1
6712,1
6713,1
6714,1
6715,1
6716,1
6717,1
6718,0
6719,0
6720,0
6721,1
6722,1
6723,1
6724,1
6725,1
6726,1
6727,1
6728,1
6729,1
6730,2
6731,2
6732,2
6733,2
6734,1
6735,1
6736,1
6737,1
6738,1
6739,1
6740,1
6741,0
6742,0
6743,0
6744,2
6745,2
6746,2
6747,2
6748,4
6749,4
6750,4
6751,4
6752,4
6753,4
6754,2
6755,2
6756,2
6757,2
6758,2
6759,2
6760,2
6761,2
6762,2
6763,4
6764,4
6765,4
6766,4
6767,4
6768,2
6769,2
6770,2
6771,2
6772,2
6773,0
6774,0
6775,0
6776,1
6777,1
6778,1
6779,1
6780,1
6781,1
6782,1
6783,1
6784,0
6785,0
6786,0
6787,1
6788,1
6789,1
6790,1
6791,1
6792,1
6793,1
6794,1
6795,1
6796,1
6797,0
6798,0
6799,0
6800,1
6801,1
6802,1
6803,1
6804,1
6805,0
6806,0
6807,0
6808,0
6809,0
6810,0
6811,0
6812,1
6813,1
6814,1
6815,1
6816,2
6817,2
6818,1
6819,1
6820,1
6821,1
6822,1
6823,1
6824,0
6825,2
6826,2
6827,2
6828,2
6829,4
6830,4
6831,4
6832,4
6833,4
6834,2
6835,2
6836,2
6837,2
6838,2
6839,2
6840,2
6841,2
6842,4
6843,4
6844,4
6845,4
6846,4
6847,4
6848,4
6849,4
6850,4
6851,4
6852,4
6853,4
6854,2
6855,2
6856,0
6857,0
6858,1
6859,1
6860,1
6861,1
6862,1
6863,1
6864,1
6865,0
6866,0
6867,1
6868,1
6869,1
6870,1
6871,0
6872,1
6873,1
6874,1
6875,1
6876,1
6877,1
6878,1
6879,1
6880,1
6881,1
6882,1
6883,0
6884,0
6885,0
6886,1
6887,1
6888,1
6889,1
6890,1
6891,2
6892,2
6893,2
6894,2
6895,2
6896,2
6897,1
6898,1
6899,1
6900,1
6901,1
6902,1
6903,1
6904,1
6905,0
6906,0
6907,0
6908,0
6909,2
6910,2
6911,2
6912,2
6913,2
6914,4
6915,4
6916,4
6917,4
6918,4
6919,4
6920,2
6921,2
6922,2
6923,2
6924,2
6925,2
6926,2
6927,2
6928,4
6929,4
6930,4
6931,4
6932,4
6933,4
6934,4
6935,4
6936,2
6937,2
6938,2
6939,1
6940,1
6941,1
6942,1
6943,1
6944,1
6945,0
6946,1
6947,1
6948,1
6949,1
6950,1
6951,1
6952,1
6953,1
6954,1
6955,1
6956,1
6957,1
6958,0
6959,0
6960,0
6961,1
6962,1
6963,1
6964,1
6965,1
6966,1
6967,0
6968,0
6969,0
6970,0
6971,0
6972,0
6973,0
6974,0
6975,1
6976,1
6977,1
6978,1
6979,1
6980,1
6981,1
6982,2
6983,2
6984,2
6985,2
6986,1
6987,1
6988,1
6989,1
6990,1
6991,1
6992,1
6993,1
6994,1
6995,0
6996,0
6997,0
6998,2
6999,2
7000,2
7001,2
7002,2
7003,2
7004,2
7005,4
7006,4
7007,4
7008,4
7009,4
7010,4
7011,2
7012,2
7013,4
7014,4
7015,4
7016,4
7017,4
7018,4
7019,4
7020,4
7021,4
7022,4
7023,4
7024,4
7025,2
7026,2
7027,2
7028,2
7029,2
7030,2
7031,2
7032,0
7033,1
7034,1
7035,1
7036,1
7037,1
7038,0
7039,0
7040,0
7041,1
7042,1
7043,1
7044,1
7045,0
7046,0
7047,0
7048,0
7049,1
7050,1
7051,1
7052,1
7053,1
7054,1
7055,1
7056,1
7057,0
7058,0
7059,0
7060,1
7061,1
7062,1
7063,1
7064,1
7065,1
7066,1
7067,1
7068,1
7069,1
7070,1
7071,1
7072,1
7073,1
7074,1
7075,1
7076,1
7077,1
7078,1
7079,1
7080,2
7081,2
7082,2
7083,2
7084,2
7085,2
7086,2
7087,2
7088,2
7089,1
7090,1
7091,1
7092,1
7093,1
7094,1
7095,1
7096,1
7097,1
7098,1
7099,0
7100,0
7101,2
7102,2
7103,2
7104,2
7105,2
7106,2
7107,2
7108,2
7109,4
7110,4
7111,4
7112,4
7113,4
7114,4
7115,4
7116,4
7117,4
7118,4
7119,4
7120,2
7121,2
7122,2
7123,2
7124,2
7125,2
7126,2
7127,4
7128,4
7129,4
7130,2
7131,2
7132,2
7133,1
7134,1
7135,1
7136,1
7137,1
7138,1
7139,1
7140,1
7141,1
7142,1
7143,0
7144,0
7145,1
7146,1
7147,1
7148,1
7149,1
7150,0
7151,0
7152,0
7153,0
7154,1
7155,1
7156,1
7157,1
7158,1
7159,1
7160,1
7161,1
7162,1
7163,1
7164,0
7165,0
7166,0
7167,0
7168,0
7169,0
7170,0
7171,0
7172,0
7173,0
7174,0
7175,1
7176,1
7177,1
7178,2
7179,2
7180,2
7181,1
7182,1
7183,1
7184,1
7185,1
7186,1
7187,0
7188,0
7189,0
7190,0
7191,2
7192,2
7193,2
7194,2
7195,4
7196,4
7197,4
7198,4
7199,4
7200,4
7201,4
7202,4
7203,4
7204,4
7205,4
7206,2
7207,2
7208,2
7209,2
7210,4
7211,4
7212,4
7213,4
7214,4
7215,4
7216,2
7217,2
7218,2
7219,2
7220,2
7221,1
7222,1
7223,1
7224,1
7225,1
7226,1
7227,1
7228,1
7229,1
7230,1
7231,1
7232,0
7233,0
7234,1
7235,1
7236,1
7237,1
7238,1
7239,1
7240,1
7241,0
7242,1
7243,1
7244,1
7245,1
7246,1
7247,1
7248,0
7249,0
7250,0
7251,0
7252,1
7253,1
7254,1
7255,1
7256,1
7257,1
7258,1
7259,1
7260,2
7261,2
7262,2
7263,2
7264,2
7265,2
7266,2
7267,2
7268,2
7269,1
7270,1
7271,1
7272,1
7273,1
7274,1
7275,1
7276,1
7277,1
7278,1
7279,1
7280,1
7281,1
7282,1
7283,0
7284,0
7285,4
7286,4
7287,4
7288,4
7289,4
7290,4
7291,4
7292,4
7293,4
7294,4
7295,2
7296,2
7297,2
7298,2
7299,4
7300,4
7301,4
7302,4
7303,4
7304,4
7305,4
7306,2
7307,2
7308,2
7309,2
7310,0
7311,0
7312,1
7313,1
7314,1
7315,1
7316,1
7317,1
7318,1
7319,1
7320,1
7321,0
7322,0
7323,0
7324,1
7325,1
7326,1
7327,1
7328,1
7329,1
7330,1
7331,1
7332,1
7333,1
7334,1
7335,0
7336,0
7337,0
7338,0
7339,0
7340,1
7341,1
7342,1
7343,1
7344,1
7345,1
7346,1
7347,0
7348,0
7349,0
7350,0
7351,0
7352,0
7353,1
7354,1
7355,1
7356,1
7357,1
7358,1
7359,1
7360,1
7361,1
7362,1
7363,2
7364,2
7365,2
7366,2
7367,2
7368,2
7369,2
7370,2
7371,1
7372,1
7373,1
7374,1
7375,1
7376,1
7377,1
7378,1
7379,1
7380,1
7381,1
7382,0
7383,0
7384,2
7385,2
7386,2
7387,4
7388,4
7389,4
7390,4
7391,4
7392,4
7393,4
7394,4
7395,4
7396,4
7397,4
7398,4
7399,2
7400,2
7401,2
7402,2
7403,2
7404,2
7405,2
7406,2
7407,2
7408,4
7409,4
7410,4
7411,4
7412,4
7413,4
7414,4
7415,4
7416,4
7417,2
7418,2
7419,2
7420,2
7421,2
7422,2
7423,0
7424,1
7425,1
7426,1
7427,1
7428,1
7429,1
7430,1
7431,1
7432,1
7433,1
7434,1
7435,1
7436,1
7437,1
7438,1
7439,1
7440,1
7441,0
7442,0
7443,0
7444,0
7445,0
7446,0
7447,0
7448,0
7449,0
7450,1
7451,1
7452,1
7453,1
7454,1
7455,1
7456,1
7457,1
7458,1
7459,1
7460,1
7461,1
7462,1
7463,1
7464,0
7465,0
7466,0
7467,1
7468,1
7469,1
7470,1
7471,1
7472,1
7473,1
7474,1
7475,1
7476,1
7477,0
7478,0
7479,0
7480,0
7481,0
7482,1
7483,1
7484,1
7485,1
7486,2
7487,2
7488,2
7489,2
7490,1
7491,1
7492,1
7493,1
7494,1
7495,1
7496,1
7497,1
7498,1
7499,1
7500,1
7501,1
7502,0
7503,0
7504,0
7505,0
7506,0
7507,2
7508,2
7509,2
7510,2
7511,2
7512,2
7513,4
7514,4
7515,4
7516,4
7517,4
7518,4
7519,4
7520,4
7521,4
7522,4
7523,2
7524,2
7525,2
7526,2
7527,2
7528,2
7529,2
7530,2
7531,2
7532,2
7533,4
7534,4
7535,4
7536,4
7537,4
7538,4
7539,4
7540,4
7541,4
7542,4
7543,4
7544,4
7545,4
7546,4
7547,4
7548,2
7549,2
7550,0
7551,1
7552,1
7553,0
7554,0
7555,0
7556,1
7557,1
7558,1
7559,1
7560,1
7561,0
7562,0
7563,1
7564,1
7565,1
7566,1
7567,1
7568,1
7569,1
7570,1
7571,1
7572,1
7573,1
7574,1
7575,1
7576,0
7577,0
7578,0
7579,0
7580,0
7581,0
7582,0
7583,0
7584,0
7585,0
7586,0
7587,1
7588,1
7589,1
7590,1
7591,2
7592,2
7593,2
7594,2
7595,2
7596,1
7597,1
7598,1
7599,1
7600,1
7601,1
7602,1
7603,1
7604,1
7605,0
7606,0
7607,0
7608,0
7609,2
7610,2
7611,2
7612,2
7613,2
7614,2
7615,2
7616,2
7617,4
7618,4
7619,4
7620,4
7621,2
7622,2
7623,2
7624,2
7625,2
7626,4
7627,4
7628,4
7629,4
7630,4
7631,4
7632,4
7633,4
7634,4
7635,4
7636,4
7637,4
7638,4
7639,2
7640,2
7641,2
7642,2
7643,2
7644,2
7645,0
7646,0
7647,0
7648,1
7649,1
7650,1
7651,1
7652,1
7653,1
7654,1
7655,1
7656,1
7657,0
7658,1
7659,1
7660,1
7661,1
7662,1
7663,1
7664,1
7665,0
7666,0
7667,0
7668,1
7669,1
7670,1
7671,1
7672,1
7673,1
7674,1
7675,0
7676,0
7677,0
7678,0
7679,1
7680,1
7681,1
7682,1
7683,1
7684,1
7685,1
7686,1
7687,1
7688,2
7689,2
7690,2
7691,2
7692,2
7693,2
7694,2
7695,1
7696,1
7697,1
7698,1
7699,1
7700,1
7701,1
7702,1
7703,1
7704,0
7705,0
7706,0
7707,0
7708,2
7709,2
7710,2
7711,2
7712,2
7713,2
7714,4
7715,4
7716,4
7717,4
7718,4
7719,4
7720,4
7721,4
7722,4
7723,4
7724,2
7725,2
7726,2
7727,2
7728,2
7729,2
7730,2
7731,2
7732,4
7733,4
7734,4
7735,4
7736,4
7737,4
7738,4
7739,4
7740,4
7741,4
7742,2
7743,0
7744,1
7745,1
7746,1
7747,1
7748,0
7749,0
7750,0
7751,0
7752,1
7753,1
7754,1
7755,1
7756,1
7757,1
7758,1
7759,0
7760,0
7761,0
7762,0
7763,1
7764,1
7765,1
7766,1
7767,1
7768,1
7769,1
7770,1
7771,1
7772,1
7773,1
7774,0
7775,0
7776,0
7777,0
7778,1
7779,1
7780,1
7781,1
7782,1
7783,1
7784,1
7785,1
7786,1
7787,2
7788,2
7789,2
7790,2
7791,2
7792,1
7793,1
7794,1
7795,1
7796,1
7797,0
7798,0
7799,0
7800,2
7801,2
7802,2
7803,2
7804,4
7805,4
7806,4
7807,4
7808,4
7809,4
7810,2
7811,2
7812,2
7813,2
7814,2
7815,2
7816,4
7817,4
7818,4
7819,4
7820,4
7821,4
7822,4
7823,4
7824,4
7825,4
7826,4
7827,4
7828,4
7829,4
7830,2
7831,2
7832,1
7833,1
7834,1
7835,1
7836,1
7837,1
7838,1
7839,1
7840,1
7841,1
7842,1
7843,1
7844,1
7845,0
7846,0
7847,0
7848,0
7849,0
7850,1
7851,1
7852,1
7853,1
7854,1
7855,1
7856,1
7857,1
7858,1
7859,1
7860,1
7861,0
7862,0
7863,0
7864,0
7865,1
7866,1
7867,1
7868,1
7869,1
7870,1
7871,1
7872,1
7873,1
7874,1
7875,1
7876,1
7877,1
7878,1
7879,1
7880,1
7881,0
7882,0
7883,0
7884,0
7885,1
7886,1
7887,1
7888,1
7889,1
7890,1
7891,2
7892,2
7893,2
7894,2
7895,2
7896,2
7897,2
7898,1
7899,1
7900,1
7901,1
7902,1
7903,1
7904,1
7905,1
7906,1
7907,1
7908,1
7909,1
7910,0
7911,2
7912,2
7913,2
7914,4
7915,4
7916,4
7917,4
7918,4
7919,4
7920,4
7921,4
7922,4
7923,2
7924,2
7925,2
7926,2
7927,2
7928,2
7929,2
7930,2
7931,2
7932,2
7933,2
7934,4
7935,4
7936,4
7937,4
7938,4
7939,4
7940,4
7941,4
7942,4
7943,4
7944,4
7945,4
7946,4
7947,4
7948,4
7949,2
7950,2
7951,2
7952,0
7953,0
7954,1
7955,1
7956,1
7957,1
7958,1
7959,1
7960,1
7961,1
7962,1
7963,1
7964,1
7965,1
7966,0
7967,0
7968,0
7969,1
7970,1
7971,1
7972,1
7973,1
7974,1
7975,1
7976,1
7977,1
7978,1
7979,1
7980,0
7981,0
7982,0
7983,0
7984,0
7985,0
7986,1
7987,1
7988,1
7989,1
7990,1
7991,0
7992,0
7993,0
7994,0
7995,0
7996,1
7997,1
7998,1
7999,1
8000,1
8001,1
8002,1
8003,1
8004,1
8005,1
8006,1
8007,1
8008,1
8009,1
8010,1
8011,1
8012,2
8013,2
8014,1
8015,1
8016,1
8017,1
8018,0
8019,0
8020,2
8021,2
8022,2
8023,2
8024,2
8025,4
8026,4
8027,4
8028,4
8029,4
8030,4
8031,4
8032,4
8033,4
8034,2
8035,2
8036,2
8037,2
8038,2
8039,2
8040,2
8041,4
8042,4
8043,4
8044,4
8045,4
8046,4
8047,4
8048,4
8049,4
8050,2
8051,2
8052,2
8053,2
8054,0
8055,0
8056,0
8057,0
8058,1
8059,1
8060,1
8061,1
8062,1
8063,1
8064,1
8065,1
8066,1
8067,1
8068,1
8069,0
8070,0
8071,1
8072,1
8073,1
8074,1
8075,1
8076,1
8077,1
8078,0
8079,0
8080,0
8081,1
8082,1
8083,1
8084,1
8085,1
8086,1
8087,1
8088,1
8089,1
8090,1
8091,0
8092,0
8093,0
8094,0
8095,0
8096,0
8097,1
8098,1
8099,1
8100,1
8101,1
8102,1
8103,1
8104,2
8105,2
8106,2
8107,2
8108,1
8109,1
8110,1
8111,1
8112,1
8113,1
8114,1
8115,1
8116,1
8117,1
8118,1
8119,1
8120,0
8121,0
8122,2
8123,2
8124,2
8125,2
8126,4
8127,4
8128,4
8129,4
8130,4
8131,4
8132,4
8133,4
8134,2
8135,2
8136,2
8137,2
8138,4
8139,4
8140,4
8141,4
8142,4
8143,4
8144,4
8145,4
8146,4
8147,4
8148,4
8149,2
8150,2
8151,0
8152,0
8153,0
8154,1
8155,1
8156,1
8157,1
8158,1
8159,1
8160,1
8161,1
8162,1
8163,1
8164,0
8165,1
8166,1
8167,1
8168,1
8169,1
8170,1
8171,1
8172,1
8173,1
8174,1
8175,1
8176,1
8177,1
8178,1
8179,1
8180,0
8181,0
8182,1
8183,1
8184,1
8185,1
8186,1
8187,0
8188,0
8189,0
8190,0
8191,0
8192,1
8193,1
8194,1
8195,1
8196,1
8197,1
8198,1
8199,1
8200,1
8201,2
8202,2
8203,2
8204,1
8205,1
8206,1
8207,1
8208,1
8209,1
8210,1
8211,1
8212,1
8213,1
8214,0
8215,0
8216,0
8217,2
8218,4
8219,4
8220,4
8221,4
8222,4
8223,4
8224,2
8225,2
8226,2
8227,2
8228,2
8229,2
8230,2
8231,2
8232,2
8233,2
8234,2
8235,4
8236,4
8237,4
8238,4
8239,4
8240,4
8241,4
8242,4
8243,4
8244,2
8245,0
8246,0
8247,1
8248,1
8249,1
8250,1
8251,0
8252,0
8253,0
8254,1
8255,1
8256,1
8257,1
8258,1
8259,1
8260,1
8261,1
8262,1
8263,1
8264,1
8265,1
8266,1
8267,0
8268,0
8269,0
8270,0
8271,0
8272,1
8273,1
8274,1
8275,1
8276,1
8277,1
8278,1
8279,1
8280,1
8281,1
8282,1
8283,1
8284,1
8285,1
8286,1
8287,1
8288,0
8289,0
8290,0
8291,0
8292,0
8293,0
8294,1
8295,1
8296,1
8297,1
8298,1
8299,1
8300,1
8301,1
8302,1
8303,1
8304,1
8305,1
8306,1
8307,2
8308,2
8309,2
8310,2
8311,1
8312,1
8313,1
8314,1
8315,0
8316,0
8317,0
8318,2
8319,2
8320,2
8321,2
8322,2
8323,2
8324,4
8325,4
8326,4
8327,4
8328,4
8329,4
8330,2
8331,2
8332,2
8333,2
8334,2
8335,4
8336,4
8337,4
8338,2
8339,0
8340,1
8341,1
8342,1
8343,1
8344,1
8345,1
8346,1
8347,1
8348,1
8349,1
8350,1
8351,1
8352,1
8353,0
8354,0
8355,0
8356,0
8357,0
8358,1
8359,1
8360,1
8361,1
8362,1
8363,1
8364,1
8365,1
8366,1
8367,0
8368,1
8369,1
8370,1
8371,1
8372,1
8373,1
8374,1
8375,1
8376,0
8377,0
8378,0
8379,0
8380,0
8381,1
8382,1
8383,1
8384,1
8385,1
8386,1
8387,1
8388,1
8389,1
8390,2
8391,2
8392,2
8393,2
8394,2
8395,1
8396,1
8397,1
8398,1
8399,1
8400,1
8401,1
8402,1
8403,0
8404,2
8405,2
8406,2
8407,2
8408,2
8409,4
8410,4
8411,4
8412,4
8413,4
8414,2
8415,2
8416,2
8417,4
8418,4
8419,4
8420,4
8421,2
8422,2
8423,1
8424,1
8425,1
8426,1
8427,1
8428,1
8429,0
8430,0
8431,0
8432,0
8433,0
8434,1
8435,1
8436,1
8437,1
8438,1
8439,1
8440,1
8441,1
8442,1
8443,1
8444,1
8445,0
8446,0
8447,0
8448,0
8449,1
8450,1
8451,1
8452,1
8453,1
8454,1
8455,1
8456,1
8457,2
8458,2
8459,2
8460,2
8461,2
8462,2
8463,2
8464,2
8465,2
8466,2
8467,2
8468,1
8469,1
8470,1
8471,1
8472,1
8473,1
8474,1
8475,1
8476,1
8477,1
8478,0
8479,0
8480,0
8481,2
8482,2
8483,4
8484,4
8485,4
8486,4
8487,4
8488,4
8489,4
8490,4
8491,2
8492,2
8493,4
8494,4
8495,4
8496,4
8497,4
8498,4
8499,4
8500,2
8501,2
8502,0
8503,1
8504,1
8505,1
8506,0
8507,0
8508,1
8509,1
8510,1
8511,1
8512,1
8513,1
8514,1
8515,1
8516,1
8517,1
8518,1
8519,1
8520,1
8521,1
8522,0
8523,0
8524,0
8525,0
8526,0
8527,1
8528,1
8529,1
8530,1
8531,1
8532,1
8533,0
8534,0
8535,0
8536,0
8537,0
8538,0
8539,0
8540,1
8541,1
8542,1
8543,1
8544,1
8545,2
8546,1
8547,1
8548,1
8549,1
8550,2
8551,2
8552,2
8553,2
8554,2
8555,2
8556,4
8557,4
8558,4
8559,4
8560,2
8561,2
8562,2
8563,2
8564,2
8565,2
8566,4
8567,4
8568,4
8569,4
8570,2
8571,1
8572,1
8573,1
8574,0
8575,0
8576,0
8577,0
8578,0
8579,0
8580,1
8581,1
8582,1
8583,1
8584,0
8585,0
8586,0
8587,0
8588,1
8589,1
8590,1
8591,1
8592,1
8593,1
8594,1
8595,0
8596,0
8597,0
8598,0
8599,1
8600,1
8601,1
8602,2
8603,1
8604,1
8605,1
8606,1
8607,1
8608,1
8609,1
8610,1
8611,0
8612,2
8613,2
8614,2
8615,2
8616,4
8617,4
8618,4
8619,4
8620,4
8621,2
8622,2
8623,2
8624,2
8625,2
8626,2
8627,4
8628,4
8629,4
8630,4
8631,4
8632,4
8633,4
8634,4
8635,4
8636,4
8637,4
8638,2
8639,0
8640,1
8641,1
8642,1
8643,1
8644,1
8645,0
8646,1
8647,1
8648,1
8649,1
8650,1
8651,1
8652,1
8653,0
8654,0
8655,1
8656,1
8657,1
8658,1
8659,1
8660,1
8661,1
8662,2
8663,2
8664,2
8665,2
8666,2
8667,1
8668,1
8669,1
8670,0
8671,2
8672,4
8673,4
8674,4
8675,4
8676,4
8677,4
8678,4
8679,4
8680,4
8681,2
8682,2
8683,2
8684,2
8685,2
8686,2
8687,2
8688,4
8689,4
8690,4
8691,4
8692,4
8693,4
8694,4
8695,4
8696,4
8697,4
8698,2
8699,1
8700,1
8701,1
8702,1
8703,1
8704,1
8705,1
8706,0
8707,0
8708,0
8709,0
8710,1
8711,1
8712,1
8713,1
8714,1
8715,0
8716,0
8717,0
8718,0
8719,1
8720,1
8721,1
8722,1
8723,1
8724,1
8725,1
8726,0
8727,0
8728,0
8729,0
8730,0
8731,1
8732,1
8733,1
8734,1
8735,1
8736,1
8737,1
8738,1
8739,1
8740,1
8741,2
8742,2
8743,2
8744,1
8745,1
8746,1
8747,1
8748,1
8749,1
8750,1
8751,1
8752,0
8753,0
8754,0
8755,4
8756,4
8757,4
8758,4
8759,4
8760,2
8761,2
8762,2
8763,2
8764,2
8765,4
8766,4
8767,4
8768,4
8769,2
8770,1
8771,1
8772,0
8773,0
8774,0
8775,1
8776,1
8777,0
8778,0
8779,0
8780,0
8781,0
8782,0
8783,1
8784,1
8785,1
8786,0
8787,0
8788,0
8789,0
8790,1
8791,1
8792,1
8793,2
8794,2
8795,2
8796,2
8797,1
8798,1
8799,1
8800,1
8801,1
8802,0
8803,4
8804,4
8805,4
8806,4
8807,2
8808,2
8809,2
8810,2
8811,2
8812,2
8813,2
8814,2
8815,2
8816,4
8817,4
8818,4
8819,4
8820,4
8821,4
8822,4
8823,4
8824,2
8825,2
8826,2
8827,2
8828,1
8829,1
8830,1
8831,1
8832,0
8833,0
8834,0
8835,0
8836,0
8837,1
8838,1
8839,0
8840,1
8841,1
8842,1
8843,1
8844,1
8845,1
8846,1
8847,0
8848,0
8849,0
8850,0
8851,0
8852,1
8853,1
8854,1
8855,1
8856,1
8857,1
8858,2
8859,2
8860,2
8861,2
8862,2
8863,2
8864,2
8865,2
8866,2
8867,2
8868,2
8869,2
8870,2
8871,4
8872,4
8873,4
8874,4
8875,4
8876,4
8877,2
8878,2
8879,2
8880,2
8881,4
8882,4
8883,4
8884,4
8885,4
8886,2
8887,2
8888,2
8889,2
8890,2
8891,2
8892,0
8893,0
8894,0
8895,1
8896,1
8897,1
8898,1
8899,0
8900,0
8901,1
8902,1
8903,1
8904,0
8905,0
8906,1
8907,1
8908,0
8909,0
8910,1
8911,1
8912,1
8913,1
8914,2
8915,2
8916,2
8917,2
8918,0
8919,2
8920,2
8921,4
8922,4
8923,4
8924,2
8925,2
8926,2
8927,2
8928,2
8929,4
8930,4
8931,4
8932,2
8933,2
8934,2
8935,0
8936,0
8937,1
8938,1
8939,1
8940,1
8941,1
8942,1
8943,1
8944,0
8945,0
8946,1
8947,1
8948,1
8949,1
8950,1
8951,1
8952,1
8953,1
8954,1
8955,0
8956,0
8957,1
8958,1
8959,1
8960,0
8961,0
8962,1
8963,1
8964,1
8965,1
8966,2
8967,2
8968,2
8969,2
8970,2
8971,2
8972,2
8973,1
8974,1
8975,1
8976,1
8977,0
8978,0
8979,0
8980,2
8981,4
8982,4
8983,4
8984,4
8985,2
8986,2
8987,2
8988,2
8989,4
8990,4
8991,4
8992,4
8993,4
8994,4
8995,4
8996,4
8997,2
8998,2
8999,0
9000,1
9001,1
9002,1
9003,1
9004,0
9005,0
9006,0
9007,0
9008,1
9009,1
9010,1
9011,1
9012,0
9013,1
9014,1
9015,1
9016,1
9017,0
9018,0
9019,1
9020,1
9021,1
9022,1
9023,2
9024,2
9025,2
9026,2
9027,2
9028,2
9029,1
9030,1
9031,1
9032,1
9033,0
9034,0
9035,0
9036,2
9037,2
9038,2
9039,2
9040,2
9041,4
9042,4
9043,4
9044,4
9045,4
9046,2
9047,2
9048,4
9049,4
9050,4
9051,4
9052,4
9053,4
9054,4
9055,4
9056,4
9057,4
9058,4
9059,4
9060,4
9061,4
9062,0
9063,0
9064,1
9065,1
9066,1
9067,1
9068,1
9069,1
9070,1
9071,0
9072,0
9073,1
9074,1
9075,1
9076,1
9077,1
9078,1
9079,1
9080,1
9081,1
9082,1
9083,1
9084,1
9085,0
9086,1
9087,1
9088,1
9089,1
9090,0
9091,1
9092,1
9093,1
9094,1
9095,1
9096,1
9097,2
9098,1
9099,1
9100,1
9101,1
9102,1
9103,1
9104,1
9105,1
9106,2
9107,2
9108,4
9109,4
9110,4
9111,4
9112,4
9113,4
9114,4
9115,2
9116,2
9117,2
9118,2
9119,2
9120,2
9121,2
9122,2
9123,4
9124,4
9125,4
9126,4
9127,4
9128,4
9129,2
9130,2
9131,2
9132,2
9133,0
9134,1
9135,1
9136,1
9137,1
9138,1
9139,0
9140,1
9141,1
9142,1
9143,1
9144,1
9145,1
9146,1
9147,1
9148,1
9149,0
9150,0
9151,0
9152,1
9153,1
9154,1
9155,1
9156,0
9157,0
9158,1
9159,1
9160,1
9161,2
9162,2
9163,2
9164,1
9165,1
9166,2
9167,2
9168,2
9169,2
9170,2
9171,4
9172,4
9173,4
9174,4
9175,4
9176,4
9177,4
9178,2
9179,2
9180,4
9181,4
9182,4
9183,4
9184,4
9185,4
9186,2
9187,0
9188,1
9189,1
9190,1
9191,1
9192,0
9193,1
9194,0
9195,0
9196,0
9197,0
9198,1
9199,1
9200,1
9201,1
9202,1
9203,1
9204,0
9205,0
9206,0
9207,0
9208,0
9209,1
9210,1
9211,1
9212,1
9213,1
9214,2
9215,2
9216,2
9217,1
9218,1
9219,1
9220,1
9221,1
9222,1
9223,1
9224,1
9225,1
9226,0
9227,0
9228,0
9229,2
9230,2
9231,2
9232,2
9233,4
9234,4
9235,4
9236,4
9237,4
9238,4
9239,4
9240,4
9241,2
9242,2
9243,2
9244,4
9245,4
9246,2
9247,1
9248,1
9249,1
9250,1
9251,0
9252,0
9253,0
9254,0
9255,1
9256,1
9257,1
9258,0
9259,0
9260,1
9261,1
9262,1
9263,1
9264,0
9265,0
9266,0
9267,1
9268,1
9269,1
9270,1
9271,1
9272,1
9273,2
9274,2
9275,1
9276,1
9277,1
9278,0
9279,0
9280,2
9281,2
9282,2
9283,2
9284,4
9285,4
9286,4
9287,4
9288,4
9289,4
9290,4
9291,2
9292,2
9293,2
9294,2
9295,2
9296,2
9297,4
9298,4
9299,4
9300,4
9301,4
9302,4
9303,4
9304,2
9305,2
9306,0
9307,1
9308,1
9309,1
9310,0
9311,0
9312,0
9313,0
9314,0
9315,0
9316,0
9317,1
9318,1
9319,1
9320,1
9321,0
9322,0
9323,0
9324,0
9325,0
9326,1
9327,1
9328,1
9329,1
9330,1
9331,1
9332,1
9333,1
9334,1
9335,1
9336,1
9337,1
9338,1
9339,0
9340,0
9341,0
9342,0
9343,0
9344,0
9345,1
9346,1
9347,1
9348,1
9349,1
9350,1
9351,1
9352,1
9353,1
9354,2
9355,2
9356,2
9357,2
9358,2
9359,2
9360,2
9361,2
9362,1
9363,1
9364,1
9365,1
9366,1
9367,1
9368,1
9369,1
9370,1
9371,1
9372,1
9373,1
9374,0
9375,0
9376,2
9377,2
9378,2
9379,4
9380,4
9381,4
9382,4
9383,4
9384,4
9385,2
9386,2
9387,2
9388,2
9389,4
9390,4
9391,4
9392,4
9393,4
9394,4
9395,0
9396,1
9397,1
9398,1
9399,1
9400,1
9401,1
9402,0
9403,0
9404,0
9405,0
9406,1
9407,1
9408,1
9409,1
9410,1
9411,1
9412,1
9413,1
9414,1
9415,0
9416,0
9417,0
9418,1
9419,1
9420,1
9421,1
9422,1
9423,1
9424,1
9425,1
9426,2
9427,2
9428,2
9429,1
9430,1
9431,1
9432,1
9433,1
9434,1
9435,1
9436,1
9437,1
9438,1
9439,1
9440,1
9441,1
9442,2
9443,2
9444,4
9445,4
9446,4
9447,4
9448,4
9449,4
9450,4
9451,4
9452,4
9453,4
9454,4
9455,4
9456,4
9457,4
9458,4
9459,4
9460,2
9461,2
9462,2
9463,2
9464,2
9465,4
9466,4
9467,4
9468,4
9469,4
9470,4
9471,4
9472,4
9473,2
9474,2
9475,2
9476,2
9477,0
9478,0
9479,1
9480,1
9481,1
9482,1
9483,1
9484,1
9485,1
9486,1
9487,0
9488,0
9489,0
9490,0
9491,0
9492,0
9493,1
9494,1
9495,1
9496,1
9497,1
9498,0
9499,1
9500,1
9501,1
9502,1
9503,1
9504,1
9505,0
9506,0
9507,0
9508,0
9509,1
9510,1
9511,1
9512,1
9513,1
9514,1
9515,2
9516,2
9517,1
9518,1
9519,1
9520,1
9521,1
9522,1
9523,1
9524,1
9525,1
9526,0
9527,2
9528,2
9529,4
9530,4
9531,4
9532,4
9533,4
9534,4
9535,4
9536,4
9537,2
9538,2
9539,2
9540,2
9541,2
9542,4
9543,4
9544,4
9545,4
9546,4
9547,4
9548,4
9549,2
9550,1
9551,1
9552,0
9553,0
9554,0
9555,0
9556,0
9557,0
9558,0
9559,1
9560,1
9561,1
9562,1
9563,1
9564,1
9565,0
9566,0
9567,0
9568,0
9569,0
9570,1
9571,1
9572,1
9573,0
9574,0
9575,0
9576,0
9577,0
9578,1
9579,1
9580,1
9581,1
9582,1
9583,1
9584,1
9585,2
9586,2
9587,2
9588,2
9589,2
9590,2
9591,2
9592,2
9593,1
9594,1
9595,1
9596,1
9597,1
9598,1
9599,1
9600,1
9601,1
9602,0
9603,0
9604,0
9605,2
9606,4
9607,4
9608,4
9609,4
9610,4
9611,4
9612,4
9613,4
9614,4
9615,4
9616,4
9617,2
9618,2
9619,2
9620,2
9621,2
9622,2
9623,2
9624,2
9625,4
9626,4
9627,4
9628,4
9629,4
9630,4
9631,4
9632,4
9633,4
9634,4
9635,4
9636,4
9637,4
9638,4
9639,4
9640,4
9641,2
9642,2
9643,0
9644,0
9645,1
9646,1
9647,1
9648,1
9649,1
9650,1
9651,1
9652,0
9653,0
9654,0
9655,0
9656,0
9657,1
9658,1
9659,1
9660,1
9661,1
9662,1
9663,1
9664,1
9665,1
9666,1
9667,1
9668,0
9669,0
9670,0
9671,0
9672,0
9673,0
9674,1
9675,1
9676,1
9677,1
9678,1
9679,1
9680,0
9681,0
9682,1
9683,1
9684,1
9685,1
9686,1
9687,1
9688,1
9689,1
9690,2
9691,2
9692,1
9693,0
9694,2
9695,4
9696,4
9697,4
9698,4
9699,4
9700,4
9701,4
9702,2
9703,2
9704,2
9705,2
9706,4
9707,4
9708,4
9709,2
9710,2
9711,0
9712,0
9713,0
9714,0
9715,1
9716,1
9717,1
9718,1
9719,1
9720,1
9721,1
9722,1
9723,0
9724,0
9725,0
9726,1
9727,1
9728,1
9729,1
9730,0
9731,0
9732,0
9733,0
9734,0
9735,1
9736,1
9737,1
9738,1
9739,1
9740,1
9741,1
9742,1
9743,1
9744,1
9745,1
9746,0
9747,0
9748,0
9749,1
9750,1
9751,1
9752,1
9753,1
9754,1
9755,1
9756,2
9757,2
9758,2
9759,2
9760,2
9761,2
9762,2
9763,2
9764,2
9765,1
9766,1
9767,1
9768,1
9769,1
9770,1
9771,1
9772,1
9773,1
9774,1
9775,0
9776,0
9777,0
9778,2
9779,2
9780,2
9781,2
9782,2
9783,2
9784,2
9785,4
9786,4
9787,4
9788,4
9789,4
9790,4
9791,2
9792,4
9793,4
9794,4
9795,0
9796,1
9797,1
9798,1
9799,1
9800,1
9801,0
9802,0
9803,0
9804,0
9805,0
9806,1
9807,1
9808,1
9809,1
9810,1
9811,1
9812,1
9813,0
9814,0
9815,1
9816,1
9817,1
9818,1
9819,1
9820,1
9821,1
9822,1
9823,1
9824,1
9825,1
9826,0
9827,0
9828,0
9829,0
9830,0
9831,0
9832,1
9833,1
9834,1
9835,1
9836,1
9837,1
9838,2
9839,2
9840,2
9841,2
9842,1
9843,1
9844,1
9845,0
9846,2
9847,2
9848,2
9849,2
9850,2
9851,4
9852,4
9853,4
9854,4
9855,4
9856,4
9857,4
9858,4
9859,4
9860,4
9861,4
9862,4
9863,2
9864,2
9865,2
9866,2
9867,2
9868,4
9869,4
9870,4
9871,4
9872,4
9873,4
9874,4
9875,4
9876,2
9877,0
9878,1
9879,1
9880,1
9881,1
9882,1
9883,1
9884,0
9885,0
9886,0
9887,0
9888,0
9889,1
9890,1
9891,1
9892,1
9893,0
9894,0
9895,0
9896,0
9897,0
9898,1
9899,1
9900,1
9901,1
9902,1
9903,1
9904,1
9905,1
9906,0
9907,0
9908,0
9909,0
9910,0
9911,1
9912,1
9913,1
9914,1
9915,2
9916,2
9917,2
9918,1
9919,1
9920,1
9921,1
9922,1
9923,1
9924,1
9925,0
9926,0
9927,2
9928,4
9929,4
9930,4
9931,4
9932,4
9933,4
9934,4
9935,2
9936,2
9937,2
9938,4
9939,4
9940,4
9941,4
9942,4
9943,4
9944,4
9945,4
9946,4
9947,4
9948,4
9949,4
9950,4
9951,4
9952,4
9953,2
9954,2
9955,1
9956,1
9957,1
9958,1
9959,0
9960,0
9961,1
9962,1
9963,1
9964,1
9965,1
9966,0
9967,0
9968,1
9969,1
9970,1
9971,1
9972,1
9973,1
9974,1
9975,1
9976,0
9977,0
9978,0
9979,0
9980,1
9981,1
9982,1
9983,1
9984,1
9985,1
9986,1
9987,2
9988,2
9989,2
9990,2
9991,2
9992,2
9993,1
9994,1
9995,1
9996,1
9997,1
9998,1
9999,1
10000,2
10001,2
10002,2
10003,2
10004,2
10005,4
10006,4
10007,4
10008,4
10009,4
10010,4
10011,4
10012,2
10013,2
10014,2
10015,2
10016,2
10017,2
10018,2
10019,4
10020,4
10021,4
10022,4
10023,4
10024,2
10025,2
10026,2
10027,1
10028,1
10029,1
10030,1
10031,1
10032,1
10033,0
10034,1
10035,1
10036,0
10037,0
10038,0
10039,0
10040,0
10041,1
10042,1
10043,1
10044,1
10045,1
10046,1
10047,1
10048,1
10049,0
10050,0
10051,1
10052,1
10053,1
10054,1
10055,1
10056,1
10057,1
10058,2
10059,2
10060,2
10061,2
10062,2
10063,1
10064,1
10065,1
10066,1
10067,1
10068,0
10069,0
10070,0
10071,4
10072,4
10073,2
10074,2
10075,2
10076,2
10077,4
10078,4
10079,4
10080,4
10081,4
10082,4
10083,4
10084,4
10085,4
10086,4
10087,4
10088,2
10089,0
10090,0
10091,0
10092,1
10093,1
10094,1
10095,1
10096,0
10097,1
10098,1
10099,1
10100,1
10101,1
10102,0
10103,0
10104,0
10105,1
10106,1
10107,0
10108,0
10109,1
10110,1
10111,1
10112,2
10113,2
10114,2
10115,2
10116,2
10117,2
10118,1
10119,1
10120,1
10121,1
10122,1
10123,1
10124,1
10125,1
10126,1
10127,1
10128,0
10129,0
10130,2
10131,4
10132,4
10133,4
10134,4
10135,4
10136,4
10137,4
10138,4
10139,4
10140,4
10141,2
10142,2
10143,2
10144,2
10145,4
10146,4
10147,4
10148,4
10149,4
10150,4
10151,4
10152,4
10153,4
10154,2
10155,2
10156,2
10157,0
10158,0
10159,1
10160,1
10161,1
10162,1
10163,1
10164,1
10165,1
10166,1
10167,1
10168,1
10169,1
10170,0
10171,0
10172,0
10173,0
10174,0
10175,1
10176,1
10177,1
10178,1
10179,0
10180,0
10181,0
10182,0
10183,0
10184,1
10185,1
10186,1
10187,1
10188,1
10189,1
10190,1
10191,1
10192,1
10193,1
10194,1
10195,0
10196,1
10197,1
10198,1
10199,2
10200,2
10201,2
10202,1
10203,1
10204,1
10205,1
10206,1
10207,1
10208,0
10209,2
10210,2
10211,2
10212,2
10213,2
10214,4
10215,4
10216,4
10217,2
10218,0
10219,0
10220,1
10221,0
10222,0
10223,0
10224,0
10225,1
10226,1
10227,1
10228,0
10229,0
10230,1
10231,0
10232,1
10233,1
10234,1
10235,2
10236,2
10237,1
10238,1
10239,4
10240,4
10241,4
10242,4
10243,4
10244,2
10245,4
10246,4
10247,4
10248,4
10249,1
10250,1
10251,0
10252,0
10253,0
10254,1
10255,1
10256,1
10257,1
10258,1
10259,1
10260,0
10261,1
10262,1
10263,1
10264,1
10265,1
10266,1
10267,1
10268,2
10269,2
10270,1
10271,1
10272,1
10273,2
10274,4
10275,4
10276,4
10277,2
10278,2
10279,4
10280,2
10281,2
10282,2
10283,2
10284,2
10285,1
10286,1
10287,1
10288,0
10289,1
10290,1
10291,1
10292,0
10293,1
10294,1
10295,1
10296,1
10297,2
10298,2
10299,1
10300,0
10301,4
10302,4
10303,2
10304,2
10305,2
10306,2
10307,4
10308,4
10309,2
10310,1
10311,1
10312,1
10313,1
10314,1
10315,1
10316,1
10317,1
10318,0
10319,0
10320,1
10321,1
10322,2
10323,1
10324,1
10325,1
10326,1
10327,1
10328,1
10329,4
10330,2
10331,2
10332,1
10333,0
10334,1
10335,1
10336,1
10337,1
10338,1
10339,1
10340,0
10341,1
10342,1
10343,1
10344,1
10345,2
10346,2
10347,2
10348,4
10349,4
10350,2
10351,2
10352,4
10353,4
10354,4
10355,4
10356,2
10357,1
10358,1
10359,1
10360,1
10361,1
10362,1
10363,0
10364,2
10365,1
10366,4
10367,2
10368,2
10369,4
10370,4
10371,2
10372,1
10373,1
10374,1
10375,0
10376,0
10377,1
10378,1
10379,0
10380,1
10381,1
10382,1
10383,1
10384,0
10385,2
10386,2
10387,1
10388,1
10389,1
10390,1
10391,0
10392,4
10393,4
10394,2
10395,4
10396,4
10397,4
10398,1
10399,1
10400,1
10401,1
10402,0
10403,1
10404,1
10405,2
10406,1
10407,0
10408,0
10409,4
10410,4
10411,2
10412,2
10413,0
10414,0
10415,1
10416,1
10417,1
10418,1
10419,1
10420,1
10421,0
10422,0
10423,0
10424,0
10425,1
10426,1
10427,1
10428,0
10429,0
10430,2
10431,2
10432,4
10433,4
10434,4
10435,4
10436,4
10437,4
10438,2
10439,2
10440,4
10441,4
10442,2
10443,2
10444,1
10445,1
10446,1
10447,1
10448,0
10449,0
10450,0
10451,1
10452,1
10453,0
10454,0
10455,1
10456,1
10457,2
10458,1
10459,1
10460,1
10461,1
10462,2
10463,4
10464,4
10465,2
10466,1
10467,0
10468,0
10469,1
10470,1
10471,1
10472,1
10473,1
10474,1
10475,1
10476,1
10477,2
10478,2
10479,1
10480,1
10481,2
10482,4
10483,4
10484,2
10485,2
10486,1
10487,1
10488,0
10489,0
10490,1
